Workbook
Name NumWeeks: SETTINGS!$B$4
Name OTAllowed: SETTINGS!$B$8
Name OTCap: SETTINGS!$B$9
Name PlanStart: SETTINGS!$B$3
Name StdHrsDay: SETTINGS!$B$6
Name StdHrsWeek: SETTINGS!$B$7
Name UtilWarn: SETTINGS!$B$10
Name WorkDays: SETTINGS!$B$5

Sheet README
A1: LA DIPERIE & LA FAYETTE — Resource Scheduler
A3: YOUR BUSINESSES
A4: La Diperie Oakville — Ice cream dip shop (established location)
A5: La Diperie High Park — Ice cream dip shop (Toronto, shared space)
A6: La Fayette — Coffee shop (shares High Park location with La Diperie HP)
A8: WHAT THIS WORKBOOK DOES
A9: Schedules your team of 7 across all 3 businesses over 16 weeks (Feb 23 → Jun 12).
A10: Tracks who's working where, flags over-allocation when someone's stretched too thin,
A11: and makes sure seasonal projects (menu launch, hiring) don't collide with daily ops.
A13: ⚠ SIMULATED DATA — Replace blue cells with your real numbers over time.
A15: SETUP STEPS
A16: 1. SETTINGS — Confirm planning dates, hours/day, overtime rules.
... A33: Green highlight = Healthy / on-target | Orange = Role/skill mismatch

Sheet SETTINGS
A1: SCHEDULING SETTINGS
A2: Setting | B2: Value | C2: Unit/Notes
A3: Planning Horizon Start | B3: 46076 | C3: Must be a Monday
A4: Number of Weeks | B4: 16 | C4: weeks (covers through mid-June)
A5: Working Days / Week | B5: 7 | C5: ice cream shops open 7 days
A6: Standard Hours / Day | B6: 8 | C6: hours
A7: Standard Hours / Week | B7: =B5*B6 -> 56 | C7: auto-calculated (not used for staff — see Max Hrs/Wk)
A8: Overtime Allowed | B8: OFF | C8: ON/OFF
A9: Overtime Cap % | B9: 0.2 | C9: max extra % over max hours
A10: Utilization Warning Threshold | B10: 0.85 | C10: flag above this
A13: PLANNING WEEK CALENDAR | E13: COLOR LEGEND
A14: Week # | B14: Week Starting | C14: Week Ending | E14: Green | F14: On-target utilization (70-85%)
A15: 1 | B15: 46076 | C15: 46082 | E15: Yellow | F15: Warning — near capacity
A16: 2 | B16: 46083 | C16: 46089 | E16: Red | F16: Over-allocated — too many hours
A17: 3 | B17: 46090 | C17: 46096 | E17: Orange | F17: Role/skill mismatch
A18: 4 | B18: 46097 | C18: 46103 | E18: Blue text | F18: Editable input
A19: 5 | B19: 46104 | C19: 46110 | E19: Green text | F19: Formula / linked
A20: 6 | B20: 46111 | C20: 46117
A21: 7 | B21: 46118 | C21: 46124
A22: 8 | B22: 46125 | C22: 46131
A23: 9 | B23: 46132 | C23: 46138
A24: 10 | B24: 46139 | C24: 46145
A25: 11 | B25: 46146 | C25: 46152
A26: 12 | B26: 46153 | C26: 46159
A27: 13 | B27: 46160 | C27: 46166
A28: 14 | B28: 46167 | C28: 46173
A29: 15 | B29: 46174 | C29: 46180
A30: 16 | B30: 46181 | C30: 46187

Sheet RESOURCES
A1: Resource ID | B1: Name | C1: Role | D1: Skill Tags | E1: Location/Team | F1: Cost/Hr ($) | G1: Max Hrs/Week | H1: Availability % | I1: Notes
A2: R001 | B2: Anis Bouchema | C2: Owner/Operator | D2: Management,Scheduling,Ordering,Training,Inventory,Strategy | E2: All Locations | F2: 0 | G2: 50 | H2: 1 | I2: Oversees all 3 businesses. Floats between locations.
A3: R002 | B3: Jess Moreau | C3: Shift Lead | D3: Dipping,Training,Opening/Closing,Cash,Inventory | E3: La Diperie Oakville | F3: 19 | G3: 35 | H3: 1 | I3: Senior team member. Can train new hires.
A4: R003 | B4: Tyler Osei | C4: Shift Lead | D4: Barista,Dipping,Opening/Closing,Cash,Inventory | E4: La Diperie HP / La Fayette | F4: 19 | G4: 35 | H4: 1 | I4: Runs HP location day-to-day. Cross-trained on coffee.
A5: R004 | B5: Maya Singh | C5: Scooper/Barista | D5: Dipping,Scooping,Cash,Customer Service | E5: La Diperie Oakville | F5: 17 | G5: 25 | H5: 1 | I5: Part-time. Available evenings & weekends.
A6: R005 | B6: Ethan Tran | C6: Scooper/Barista | D6: Dipping,Scooping,Barista,Cash,Customer Service | E6: La Diperie HP / La Fayette | F6: 17 | G6: 28 | H6: 1 | I6: Cross-trained ice cream + coffee. Reliable closer.
A7: R006 | B7: Olivia Brown | C7: Scooper/Barista | D7: Scooping,Dipping,Cash,Customer Service | E7: La Diperie Oakville | F7: 16.5 | G7: 20 | H7: 1 | I7: Student. Weekends + some weeknights only.
A8: R007 | B8: Noah Lafleur | C8: Barista | D8: Barista,Latte Art,Cash,Customer Service | E8: La Fayette | F8: 17 | G8: 25 | H8: 0.8 | I8: Coffee specialist. 80% avail (school schedule).

Sheet PROJECTS
A1: Project ID | B1: Project Name | C1: Priority | D1: Start Date | E1: End Date | F1: Status | G1: Owner | H1: Notes
A2: P001 | B2: Spring/Summer Menu Launch | C2: 1 | D2: 46083 | E2: 46143 | F2: Planning | G2: Anis Bouchema | H2: New seasonal dip flavors, summer drinks, La Fayette iced menu. Biggest revenue driver.
A3: P002 | B3: Summer Hiring & Training | C3: 1 | D3: 46090 | E3: 46157 | F3: Planning | G3: Anis Bouchema | H3: Hire 2-3 new part-timers across locations. Train before May long weekend rush.
A4: P003 | B4: Daily Ops — La Diperie Oakville | C4: 2 | D4: 46076 | E4: 46185 | F4: In Progress | G4: Jess Moreau | H4: Ongoing shift coverage, opening/closing, inventory counts, cleaning.
A5: P004 | B5: Daily Ops — La Diperie High Park | C5: 2 | D5: 46076 | E5: 46185 | F5: In Progress | G5: Tyler Osei | H5: Ongoing shift coverage for HP ice cream side.
A6: P005 | B6: Daily Ops — La Fayette Coffee | C6: 2 | D6: 46076 | E6: 46185 | F6: In Progress | G6: Tyler Osei | H6: Ongoing coffee shop operations sharing HP space.
A7: P006 | B7: Inventory & Ordering Optimization | C7: 3 | D7: 46083 | E7: 46129 | F7: Planning | G7: Anis Bouchema | H7: Coordinate shared supplier orders, reduce waste, prep bulk buys for summer.
A8: P007 | B8: Social Media & Marketing Push | C8: 3 | D8: 46097 | E8: 46171 | F8: Not Started | G8: Anis Bouchema | H8: Spring launch content, local promos, La Fayette awareness campaign.

Sheet TASKS
A1: Task ID | B1: Project ID | C1: Task Name | D1: Required Role | E1: Required Skills | F1: Start Date | G1: End Date | H1: Estimated Hours | I1: Preferred Resource | J1: Dependency | K1: Notes
A2: T001 | B2: P001 | C2: Test new dip flavors (R&D) | D2: Owner/Operator | E2: Management,Inventory | F2: 46083 | G2: 46101 | H2: 12 | I2: R001 | K2: Sample from MTY + develop signature flavors
A3: T002 | B3: P001 | C3: Design summer drinks menu (La Fayette) | D3: Owner/Operator | E3: Management,Strategy | F3: 46090 | G3: 46108 | H3: 8 | I3: R001 | K3: Iced lattes, cold brew, smoothie combos
A4: T003 | B4: P001 | C4: Order seasonal inventory & supplies | D4: Owner/Operator | E4: Ordering,Inventory | F4: 46104 | G4: 46115 | H4: 6 | I4: R001 | J4: T001 | K4: Place orders with Dubord, MTY, Monin etc.
A5: T004 | B5: P001 | C5: Update POS menu & pricing | D5: Shift Lead | E5: Cash,Inventory | F5: 46111 | G5: 46122 | H5: 8 | I5: R002 | J5: T001 | K5: Program new items into both locations
A6: T005 | B6: P001 | C6: Staff tasting & product training | D6: Owner/Operator | E6: Training | F6: 46118 | G6: 46129 | H6: 6 | I6: R001 | J6: T003 | K6: Train all staff on new products
A7: T006 | B7: P001 | C7: Soft launch weekend (both locations) | D7: Shift Lead | E7: Dipping,Cash | F7: 46132 | G7: 46143 | H7: 12 | I7: R002 | J7: T005 | K7: Trial run before full launch
A8: T007 | B8: P002 | C8: Write job postings & recruit | D8: Owner/Operator | E8: Management | F8: 46090 | G8: 46108 | H8: 8 | I8: R001 | K8: Indeed, Instagram, walk-in applications
A9: T008 | B9: P002 | C9: Interview candidates | D9: Owner/Operator | E9: Management | F9: 46111 | G9: 46122 | H9: 10 | I9: R001 | J9: T007 | K9: Screen 10-15, interview 6-8
A10: T009 | B10: P002 | C10: Onboard new hires (paperwork, setup) | D10: Owner/Operator | E10: Management | F10: 46125 | G10: 46136 | H10: 6 | I10: R001 | J10: T008
A11: T010 | B11: P002 | C11: Shadow shifts — Oakville | D11: Shift Lead | E11: Training,Dipping | F11: 46132 | G11: 46150 | H11: 15 | I11: R002 | J11: T009 | K11: New hire trains with Jess
A12: T011 | B12: P002 | C12: Shadow shifts — High Park / La Fayette | D12: Shift Lead | E12: Training,Barista,Dipping | F12: 46132 | G12: 46157 | H12: 15 | I12: R003 | J12: T009 | K12: New hire trains with Tyler
A13: T012 | B13: P003 | C13: Weekly shift coverage — OAK | D13: Shift Lead | E13: Opening/Closing,Dipping,Cash | F13: 46076 | G13: 46185 | H13: 240 | I13: R002 | K13: ~15h/wk ongoing. Core operating hours.
A14: T013 | B14: P003 | C14: Inventory counts & restock — OAK | D14: Shift Lead | E14: Inventory | F14: 46076 | G14: 46185 | H14: 48 | I14: R002 | K14: ~3h/wk, check pars, receive deliveries
A15: T014 | B15: P003 | C15: Weekend/evening shifts — OAK | D15: Scooper/Barista | E15: Dipping,Scooping,Cash | F15: 46076 | G15: 46185 | H15: 192 | I15: R004 | K15: ~12h/wk Maya
A16: T015 | B16: P003 | C16: Weekend shifts — OAK (Olivia) | D16: Scooper/Barista | E16: Scooping,Dipping,Cash | F16: 46076 | G16: 46185 | H16: 128 | I16: R006 | K16: ~8h/wk Olivia student schedule
A17: T016 | B17: P004 | C17: Weekly shift coverage — HP | D17: Shift Lead | E17: Opening/Closing,Dipping,Cash | F17: 46076 | G17: 46185 | H17: 240 | I17: R003 | K17: ~15h/wk Tyler runs HP
A18: T017 | B18: P004 | C18: Inventory counts & restock — HP | D18: Shift Lead | E18: Inventory | F18: 46076 | G18: 46185 | H18: 48 | I18: R003 | K18: ~3h/wk
A19: T018 | B19: P004 | C19: Afternoon/evening shifts — HP | D19: Scooper/Barista | E19: Dipping,Cash,Customer Service | F19: 46076 | G19: 46185 | H19: 168 | I19: R005 | K19: ~10.5h/wk Ethan on dip side
A20: T019 | B20: P005 | C20: Morning coffee shifts — La Fayette | D20: Barista | E20: Barista,Cash | F20: 46076 | G20: 46185 | H20: 160 | I20: R007 | K20: ~10h/wk Noah opens coffee side
A21: T020 | B21: P005 | C21: Afternoon coffee coverage — La Fayette | D21: Scooper/Barista | E21: Barista,Cash | F21: 46076 | G21: 46185 | H21: 112 | I21: R005 | K21: ~7h/wk Ethan covers afternoon coffee
A22: T021 | B22: P005 | C22: Coffee inventory & supply orders | D22: Shift Lead | E22: Inventory,Barista | F22: 46076 | G22: 46185 | H22: 32 | I22: R003 | K22: ~2h/wk Tyler handles coffee ordering too
A23: T022 | B23: P006 | C23: Audit current pars & waste levels | D23: Owner/Operator | E23: Inventory,Management | F23: 46083 | G23: 46094 | H23: 6 | I23: R001 | K23: Review both locations with new workbook
A24: T023 | B24: P006 | C24: Set up shared bulk ordering schedule | D24: Owner/Operator | E24: Ordering,Inventory | F24: 46097 | G24: 46108 | H24: 5 | I24: R001 | J24: T022 | K24: Coordinate Dubord orders across locations
A25: T024 | B25: P006 | C25: Pre-order summer stock (bulk buy) | D25: Owner/Operator | E25: Ordering,Inventory | F25: 46111 | G25: 46129 | H25: 8 | I25: R001 | J25: T023 | K25: Cones, toppings, packaging for peak season
A26: T025 | B26: P007 | C26: Plan spring launch social content | D26: Owner/Operator | E26: Strategy | F26: 46097 | G26: 46108 | H26: 5 | I26: R001 | K26: Instagram reels, stories, TikTok plan
A27: T026 | B27: P007 | C27: Create & schedule posts (spring) | D27: Shift Lead | E27: Cash,Customer Service | F27: 46111 | G27: 46129 | H27: 8 | I27: R003 | J27: T025 | K27: Tyler handles HP/LaFayette socials
A28: T027 | B28: P007 | C28: Local promo partnerships (Oakville) | D28: Shift Lead | E28: Cash,Customer Service | F28: 46118 | G28: 46143 | H28: 6 | I28: R002 | K28: Jess connects with local businesses
A29: T028 | B29: P007 | C29: La Fayette awareness campaign | D29: Owner/Operator | E29: Strategy,Management | F29: 46125 | G29: 46157 | H29: 10 | I29: R001 | J29: T025 | K29: Drive coffee traffic — separate from dip brand
A30: T029 | B30: P007 | C30: Summer launch content blitz | D30: Owner/Operator | E30: Strategy | F30: 46146 | G30: 46171 | H30: 8 | I30: R001 | K30: Ramp up posting for May long weekend + summer

Sheet ASSIGNMENTS
A1: Assignment ID | B1: Task ID | C1: Resource ID | D1: Week Starting | E1: Planned Hours | F1: Status | G1: Task Est Hrs | H1: Assigned Total | I1: Remaining | J1: Role Match? | K1: Date Range OK?
A2: A001 | B2: T001 | C2: R001 | D2: 46083 | E2: 4 | F2: Planned | G2: =IFERROR(VLOOKUP(B2,TASKS!A:K,8,FALSE()),"") -> 12 | H2: =IFERROR(SUMIF(B$2:B$214,B2,E$2:E$214),"") -> 12 | I2: =IFERROR(G2-H2,"") -> 0 | J2: =IF(OR(B2="",C2=""),"",IF(IFERROR(VLOOKUP(C2,RESOURCES!A:C,3,FALSE()),"")=IFERROR(VLOOKUP(B2,TASKS!A:K,4,FALSE()),""),"OK","MISMATCH")) -> OK | K2: =IF(OR(B2="",D2=""),"",IF(AND(D2>=IFERROR(VLOOKUP(B2,TASKS!A:K,6,FALSE()),0),D2<=IFERROR(VLOOKUP(B2,TASKS!A:K,7,FALSE()),99999)),"OK","OUT OF RANGE")) -> OK
A3: A002 | B3: T001 | C3: R001 | D3: 46090 | E3: 4 | F3: Planned | G3: =IFERROR(VLOOKUP(B3,TASKS!A:K,8,FALSE()),"") -> 12 | H3: =IFERROR(SUMIF(B$2:B$214,B3,E$2:E$214),"") -> 12 | I3: =IFERROR(G3-H3,"") -> 0 | J3: =IF(OR(B3="",C3=""),"",IF(IFERROR(VLOOKUP(C3,RESOURCES!A:C,3,FALSE()),"")=IFERROR(VLOOKUP(B3,TASKS!A:K,4,FALSE()),""),"OK","MISMATCH")) -> OK | K3: =IF(OR(B3="",D3=""),"",IF(AND(D3>=IFERROR(VLOOKUP(B3,TASKS!A:K,6,FALSE()),0),D3<=IFERROR(VLOOKUP(B3,TASKS!A:K,7,FALSE()),99999)),"OK","OUT OF RANGE")) -> OK
A4: A003 | B4: T001 | C4: R001 | D4: 46097 | E4: 4 | F4: Planned | G4: =IFERROR(VLOOKUP(B4,TASKS!A:K,8,FALSE()),"") -> 12 | H4: =IFERROR(SUMIF(B$2:B$214,B4,E$2:E$214),"") -> 12 | I4: =IFERROR(G4-H4,"") -> 0 | J4: =IF(OR(B4="",C4=""),"",IF(IFERROR(VLOOKUP(C4,RESOURCES!A:C,3,FALSE()),"")=IFERROR(VLOOKUP(B4,TASKS!A:K,4,FALSE()),""),"OK","MISMATCH")) -> OK | K4: =IF(OR(B4="",D4=""),"",IF(AND(D4>=IFERROR(VLOOKUP(B4,TASKS!A:K,6,FALSE()),0),D4<=IFERROR(VLOOKUP(B4,TASKS!A:K,7,FALSE()),99999)),"OK","OUT OF RANGE")) -> OK
A5: A004 | B5: T002 | C5: R001 | D5: 46090 | E5: 2.7 | F5: Planned | G5: =IFERROR(VLOOKUP(B5,TASKS!A:K,8,FALSE()),"") -> 8 | H5: =IFERROR(SUMIF(B$2:B$214,B5,E$2:E$214),"") -> 8 | I5: =IFERROR(G5-H5,"") -> 0 | J5: =IF(OR(B5="",C5=""),"",IF(IFERROR(VLOOKUP(C5,RESOURCES!A:C,3,FALSE()),"")=IFERROR(VLOOKUP(B5,TASKS!A:K,4,FALSE()),""),"OK","MISMATCH")) -> OK | K5: =IF(OR(B5="",D5=""),"",IF(AND(D5>=IFERROR(VLOOKUP(B5,TASKS!A:K,6,FALSE()),0),D5<=IFERROR(VLOOKUP(B5,TASKS!A:K,7,FALSE()),99999)),"OK","OUT OF RANGE")) -> OK
A6: A005 | B6: T002 | C6: R001 | D6: 46097 | E6: 2.7 | F6: Planned | G6: =IFERROR(VLOOKUP(B6,TASKS!A:K,8,FALSE()),"") -> 8 | H6: =IFERROR(SUMIF(B$2:B$214,B6,E$2:E$214),"") -> 8 | I6: =IFERROR(G6-H6,"") -> 0 | J6: =IF(OR(B6="",C6=""),"",IF(IFERROR(VLOOKUP(C6,RESOURCES!A:C,3,FALSE()),"")=IFERROR(VLOOKUP(B6,TASKS!A:K,4,FALSE()),""),"OK","MISMATCH")) -> OK | K6: =IF(OR(B6="",D6=""),"",IF(AND(D6>=IFERROR(VLOOKUP(B6,TASKS!A:K,6,FALSE()),0),D6<=IFERROR(VLOOKUP(B6,TASKS!A:K,7,FALSE()),99999)),"OK","OUT OF RANGE")) -> OK
A7: A006 | B7: T002 | C7: R001 | D7: 46104 | E7: 2.6 | F7: Planned | G7: =IFERROR(VLOOKUP(B7,TASKS!A:K,8,FALSE()),"") -> 8 | H7: =IFERROR(SUMIF(B$2:B$214,B7,E$2:E$214),"") -> 8 | I7: =IFERROR(G7-H7,"") -> 0 | J7: =IF(OR(B7="",C7=""),"",IF(IFERROR(VLOOKUP(C7,RESOURCES!A:C,3,FALSE()),"")=IFERROR(VLOOKUP(B7,TASKS!A:K,4,FALSE()),""),"OK","MISMATCH")) -> OK | K7: =IF(OR(B7="",D7=""),"",IF(AND(D7>=IFERROR(VLOOKUP(B7,TASKS!A:K,6,FALSE()),0),D7<=IFERROR(VLOOKUP(B7,TASKS!A:K,7,FALSE()),99999)),"OK","OUT OF RANGE")) -> OK
A8: A007 | B8: T003 | C8: R001 | D8: 46104 | E8: 3 | F8: Planned | G8: =IFERROR(VLOOKUP(B8,TASKS!A:K,8,FALSE()),"") -> 6 | H8: =IFERROR(SUMIF(B$2:B$214,B8,E$2:E$214),"") -> 6 | I8: =IFERROR(G8-H8,"") -> 0 | J8: =IF(OR(B8="",C8=""),"",IF(IFERROR(VLOOKUP(C8,RESOURCES!A:C,3,FALSE()),"")=IFERROR(VLOOKUP(B8,TASKS!A:K,4,FALSE()),""),"OK","MISMATCH")) -> OK | K8: =IF(OR(B8="",D8=""),"",IF(AND(D8>=IFERROR(VLOOKUP(B8,TASKS!A:K,6,FALSE()),0),D8<=IFERROR(VLOOKUP(B8,TASKS!A:K,7,FALSE()),99999)),"OK","OUT OF RANGE")) -> OK
A9: A008 | B9: T003 | C9: R001 | D9: 46111 | E9: 3 | F9: Planned | G9: =IFERROR(VLOOKUP(B9,TASKS!A:K,8,FALSE()),"") -> 6 | H9: =IFERROR(SUMIF(B$2:B$214,B9,E$2:E$214),"") -> 6 | I9: =IFERROR(G9-H9,"") -> 0 | J9: =IF(OR(B9="",C9=""),"",IF(IFERROR(VLOOKUP(C9,RESOURCES!A:C,3,FALSE()),"")=IFERROR(VLOOKUP(B9,TASKS!A:K,4,FALSE()),""),"OK","MISMATCH")) -> OK | K9: =IF(OR(B9="",D9=""),"",IF(AND(D9>=IFERROR(VLOOKUP(B9,TASKS!A:K,6,FALSE()),0),D9<=IFERROR(VLOOKUP(B9,TASKS!A:K,7,FALSE()),99999)),"OK","OUT OF RANGE")) -> OK
A10: A009 | B10: T004 | C10: R002 | D10: 46111 | E10: 4 | F10: Planned | G10: =IFERROR(VLOOKUP(B10,TASKS!A:K,8,FALSE()),"") -> 8 | H10: =IFERROR(SUMIF(B$2:B$214,B10,E$2:E$214),"") -> 8 | I10: =IFERROR(G10-H10,"") -> 0 | J10: =IF(OR(B10="",C10=""),"",IF(IFERROR(VLOOKUP(C10,RESOURCES!A:C,3,FALSE()),"")=IFERROR(VLOOKUP(B10,TASKS!A:K,4,FALSE()),""),"OK","MISMATCH")) -> OK | K10: =IF(OR(B10="",D10=""),"",IF(AND(D10>=IFERROR(VLOOKUP(B10,TASKS!A:K,6,FALSE()),0),D10<=IFERROR(VLOOKUP(B10,TASKS!A:K,7,FALSE()),99999)),"OK","OUT OF RANGE")) -> OK
A11: A010 | B11: T004 | C11: R002 | D11: 46118 | E11: 4 | F11: Planned | G11: =IFERROR(VLOOKUP(B11,TASKS!A:K,8,FALSE()),"") -> 8 | H11: =IFERROR(SUMIF(B$2:B$214,B11,E$2:E$214),"") -> 8 | I11: =IFERROR(G11-H11,"") -> 0 | J11: =IF(OR(B11="",C11=""),"",IF(IFERROR(VLOOKUP(C11,RESOURCES!A:C,3,FALSE()),"")=IFERROR(VLOOKUP(B11,TASKS!A:K,4,FALSE()),""),"OK","MISMATCH")) -> OK | K11: =IF(OR(B11="",D11=""),"",IF(AND(D11>=IFERROR(VLOOKUP(B11,TASKS!A:K,6,FALSE()),0),D11<=IFERROR(VLOOKUP(B11,TASKS!A:K,7,FALSE()),99999)),"OK","OUT OF RANGE")) -> OK
A12: A011 | B12: T005 | C12: R001 | D12: 46118 | E12: 3 | F12: Planned | G12: =IFERROR(VLOOKUP(B12,TASKS!A:K,8,FALSE()),"") -> 6 | H12: =IFERROR(SUMIF(B$2:B$214,B12,E$2:E$214),"") -> 6 | I12: =IFERROR(G12-H12,"") -> 0 | J12: =IF(OR(B12="",C12=""),"",IF(IFERROR(VLOOKUP(C12,RESOURCES!A:C,3,FALSE()),"")=IFERROR(VLOOKUP(B12,TASKS!A:K,4,FALSE()),""),"OK","MISMATCH")) -> OK | K12: =IF(OR(B12="",D12=""),"",IF(AND(D12>=IFERROR(VLOOKUP(B12,TASKS!A:K,6,FALSE()),0),D12<=IFERROR(VLOOKUP(B12,TASKS!A:K,7,FALSE()),99999)),"OK","OUT OF RANGE")) -> OK
A13: A012 | B13: T005 | C13: R001 | D13: 46125 | E13: 3 | F13: Planned | G13: =IFERROR(VLOOKUP(B13,TASKS!A:K,8,FALSE()),"") -> 6 | H13: =IFERROR(SUMIF(B$2:B$214,B13,E$2:E$214),"") -> 6 | I13: =IFERROR(G13-H13,"") -> 0 | J13: =IF(OR(B13="",C13=""),"",IF(IFERROR(VLOOKUP(C13,RESOURCES!A:C,3,FALSE()),"")=IFERROR(VLOOKUP(B13,TASKS!A:K,4,FALSE()),""),"OK","MISMATCH")) -> OK | K13: =IF(OR(B13="",D13=""),"",IF(AND(D13>=IFERROR(VLOOKUP(B13,TASKS!A:K,6,FALSE()),0),D13<=IFERROR(VLOOKUP(B13,TASKS!A:K,7,FALSE()),99999)),"OK","OUT OF RANGE")) -> OK
... A214: A213 | B214: T029 | C214: R001 | D214: 46167 | E214: 2 | F214: Planned | G214: =IFERROR(VLOOKUP(B214,TASKS!A:K,8,FALSE()),"") -> 8 | H214: =IFERROR(SUMIF(B$2:B$214,B214,E$2:E$214),"") -> 8 | I214: =IFERROR(G214-H214,"") -> 0 | J214: =IF(OR(B214="",C214=""),"",IF(IFERROR(VLOOKUP(C214,RESOURCES!A:C,3,FALSE()),"")=IFERROR(VLOOKUP(B214,TASKS!A:K,4,FALSE()),""),"OK","MISMATCH")) -> OK | K214: =IF(OR(B214="",D214=""),"",IF(AND(D214>=IFERROR(VLOOKUP(B214,TASKS!A:K,6,FALSE()),0),D214<=IFERROR(VLOOKUP(B214,TASKS!A:K,7,FALSE()),99999)),"OK","OUT OF RANGE")) -> OK

Sheet CAPACITY_MODEL
A1: WEEKLY CAPACITY PER RESOURCE
A3: Resource ID | B3: Name | C3: Role | D3: Max Hrs/Wk | E3: Avail % | F3: 02/23 | G3: 03/02 | H3: 03/09 | I3: 03/16 | J3: 03/23 | K3: 03/30 | L3: 04/06 | M3: 04/13 | N3: 04/20 | O3: 04/27 | P3: 05/04 | Q3: 05/11 | R3: 05/18 | S3: 05/25 | T3: 06/01 | U3: 06/08
A4: =VLOOKUP("R001",RESOURCES!A:I,1,FALSE()) -> R001 | B4: =VLOOKUP("R001",RESOURCES!A:I,2,FALSE()) -> Anis Bouchema | C4: =VLOOKUP("R001",RESOURCES!A:I,3,FALSE()) -> Owner/Operator | D4: =VLOOKUP("R001",RESOURCES!A:I,7,FALSE()) -> 50 | E4: =VLOOKUP("R001",RESOURCES!A:I,8,FALSE()) -> 1 | F4: =D4*E4 -> 50 | G4: =D4*E4 -> 50 | H4: =D4*E4 -> 50 | I4: =D4*E4 -> 50 | J4: =D4*E4 -> 50 | K4: =D4*E4 -> 50 | L4: =D4*E4 -> 50 | M4: =D4*E4 -> 50 | N4: =D4*E4 -> 50 | O4: =D4*E4 -> 50 | P4: =D4*E4 -> 50 | Q4: =D4*E4 -> 50 | R4: =D4*E4 -> 50 | S4: =D4*E4 -> 50 | T4: =D4*E4 -> 50 | U4: =D4*E4 -> 50
A5: =VLOOKUP("R002",RESOURCES!A:I,1,FALSE()) -> R002 | B5: =VLOOKUP("R002",RESOURCES!A:I,2,FALSE()) -> Jess Moreau | C5: =VLOOKUP("R002",RESOURCES!A:I,3,FALSE()) -> Shift Lead | D5: =VLOOKUP("R002",RESOURCES!A:I,7,FALSE()) -> 35 | E5: =VLOOKUP("R002",RESOURCES!A:I,8,FALSE()) -> 1 | F5: =D5*E5 -> 35 | G5: =D5*E5 -> 35 | H5: =D5*E5 -> 35 | I5: =D5*E5 -> 35 | J5: =D5*E5 -> 35 | K5: =D5*E5 -> 35 | L5: =D5*E5 -> 35 | M5: =D5*E5 -> 35 | N5: =D5*E5 -> 35 | O5: =D5*E5 -> 35 | P5: =D5*E5 -> 35 | Q5: =D5*E5 -> 35 | R5: =D5*E5 -> 35 | S5: =D5*E5 -> 35 | T5: =D5*E5 -> 35 | U5: =D5*E5 -> 35
A6: =VLOOKUP("R003",RESOURCES!A:I,1,FALSE()) -> R003 | B6: =VLOOKUP("R003",RESOURCES!A:I,2,FALSE()) -> Tyler Osei | C6: =VLOOKUP("R003",RESOURCES!A:I,3,FALSE()) -> Shift Lead | D6: =VLOOKUP("R003",RESOURCES!A:I,7,FALSE()) -> 35 | E6: =VLOOKUP("R003",RESOURCES!A:I,8,FALSE()) -> 1 | F6: =D6*E6 -> 35 | G6: =D6*E6 -> 35 | H6: =D6*E6 -> 35 | I6: =D6*E6 -> 35 | J6: =D6*E6 -> 35 | K6: =D6*E6 -> 35 | L6: =D6*E6 -> 35 | M6: =D6*E6 -> 35 | N6: =D6*E6 -> 35 | O6: =D6*E6 -> 35 | P6: =D6*E6 -> 35 | Q6: =D6*E6 -> 35 | R6: =D6*E6 -> 35 | S6: =D6*E6 -> 35 | T6: =D6*E6 -> 35 | U6: =D6*E6 -> 35
A7: =VLOOKUP("R004",RESOURCES!A:I,1,FALSE()) -> R004 | B7: =VLOOKUP("R004",RESOURCES!A:I,2,FALSE()) -> Maya Singh | C7: =VLOOKUP("R004",RESOURCES!A:I,3,FALSE()) -> Scooper/Barista | D7: =VLOOKUP("R004",RESOURCES!A:I,7,FALSE()) -> 25 | E7: =VLOOKUP("R004",RESOURCES!A:I,8,FALSE()) -> 1 | F7: =D7*E7 -> 25 | G7: =D7*E7 -> 25 | H7: =D7*E7 -> 25 | I7: =D7*E7 -> 25 | J7: =D7*E7 -> 25 | K7: =D7*E7 -> 25 | L7: =D7*E7 -> 25 | M7: =D7*E7 -> 25 | N7: =D7*E7 -> 25 | O7: =D7*E7 -> 25 | P7: =D7*E7 -> 25 | Q7: =D7*E7 -> 25 | R7: =D7*E7 -> 25 | S7: =D7*E7 -> 25 | T7: =D7*E7 -> 25 | U7: =D7*E7 -> 25
A8: =VLOOKUP("R005",RESOURCES!A:I,1,FALSE()) -> R005 | B8: =VLOOKUP("R005",RESOURCES!A:I,2,FALSE()) -> Ethan Tran | C8: =VLOOKUP("R005",RESOURCES!A:I,3,FALSE()) -> Scooper/Barista | D8: =VLOOKUP("R005",RESOURCES!A:I,7,FALSE()) -> 28 | E8: =VLOOKUP("R005",RESOURCES!A:I,8,FALSE()) -> 1 | F8: =D8*E8 -> 28 | G8: =D8*E8 -> 28 | H8: =D8*E8 -> 28 | I8: =D8*E8 -> 28 | J8: =D8*E8 -> 28 | K8: =D8*E8 -> 28 | L8: =D8*E8 -> 28 | M8: =D8*E8 -> 28 | N8: =D8*E8 -> 28 | O8: =D8*E8 -> 28 | P8: =D8*E8 -> 28 | Q8: =D8*E8 -> 28 | R8: =D8*E8 -> 28 | S8: =D8*E8 -> 28 | T8: =D8*E8 -> 28 | U8: =D8*E8 -> 28
A9: =VLOOKUP("R006",RESOURCES!A:I,1,FALSE()) -> R006 | B9: =VLOOKUP("R006",RESOURCES!A:I,2,FALSE()) -> Olivia Brown | C9: =VLOOKUP("R006",RESOURCES!A:I,3,FALSE()) -> Scooper/Barista | D9: =VLOOKUP("R006",RESOURCES!A:I,7,FALSE()) -> 20 | E9: =VLOOKUP("R006",RESOURCES!A:I,8,FALSE()) -> 1 | F9: =D9*E9 -> 20 | G9: =D9*E9 -> 20 | H9: =D9*E9 -> 20 | I9: =D9*E9 -> 20 | J9: =D9*E9 -> 20 | K9: =D9*E9 -> 20 | L9: =D9*E9 -> 20 | M9: =D9*E9 -> 20 | N9: =D9*E9 -> 20 | O9: =D9*E9 -> 20 | P9: =D9*E9 -> 20 | Q9: =D9*E9 -> 20 | R9: =D9*E9 -> 20 | S9: =D9*E9 -> 20 | T9: =D9*E9 -> 20 | U9: =D9*E9 -> 20
A10: =VLOOKUP("R007",RESOURCES!A:I,1,FALSE()) -> R007 | B10: =VLOOKUP("R007",RESOURCES!A:I,2,FALSE()) -> Noah Lafleur | C10: =VLOOKUP("R007",RESOURCES!A:I,3,FALSE()) -> Barista | D10: =VLOOKUP("R007",RESOURCES!A:I,7,FALSE()) -> 25 | E10: =VLOOKUP("R007",RESOURCES!A:I,8,FALSE()) -> 0.8 | F10: =D10*E10 -> 20 | G10: =D10*E10 -> 20 | H10: =D10*E10 -> 20 | I10: =D10*E10 -> 20 | J10: =D10*E10 -> 20 | K10: =D10*E10 -> 20 | L10: =D10*E10 -> 20 | M10: =D10*E10 -> 20 | N10: =D10*E10 -> 20 | O10: =D10*E10 -> 20 | P10: =D10*E10 -> 20 | Q10: =D10*E10 -> 20 | R10: =D10*E10 -> 20 | S10: =D10*E10 -> 20 | T10: =D10*E10 -> 20 | U10: =D10*E10 -> 20
A13: TIME OFF / EXCEPTIONS
A14: Resource ID | B14: Name | C14: Start Date | D14: End Date | E14: Hours Reduction | F14: Reason
A15: R001 | B15: =IFERROR(VLOOKUP(A15,RESOURCES!A:B,2,FALSE()),"") -> Anis Bouchema | C15: 46115 | D15: 46117 | E15: 16 | F15: Good Friday/Easter weekend
A16: R004 | B16: =IFERROR(VLOOKUP(A16,RESOURCES!A:B,2,FALSE()),"") -> Maya Singh | C16: 46097 | D16: 46103 | E16: 25 | F16: March Break — no availability
A17: R007 | B17: =IFERROR(VLOOKUP(A17,RESOURCES!A:B,2,FALSE()),"") -> Noah Lafleur | C17: 46118 | D17: 46124 | E17: 20 | F17: School exams — reduced
A18: R006 | B18: =IFERROR(VLOOKUP(A18,RESOURCES!A:B,2,FALSE()),"") -> Olivia Brown | C18: 46132 | D18: 46138 | E18: 20 | F18: Family trip
A19: R003 | B19: =IFERROR(VLOOKUP(A19,RESOURCES!A:B,2,FALSE()),"") -> Tyler Osei | C19: 46160 | D19: 46164 | E19: 35 | F19: Vacation week

Sheet DEMAND_VS_CAPACITY
A1: DEMAND vs CAPACITY — PER RESOURCE PER WEEK
A2: Week dates → | D2: 46076 | E2: 46083 | F2: 46090 | G2: 46097 | H2: 46104 | I2: 46111 | J2: 46118 | K2: 46125 | L2: 46132 | M2: 46139 | N2: 46146 | O2: 46153 | P2: 46160 | Q2: 46167 | R2: 46174 | S2: 46181
A3: DEMAND (Assigned Hours)
A4: Resource ID | B4: Name | C4: Role | D4: 02/23 | E4: 03/02 | F4: 03/09 | G4: 03/16 | H4: 03/23 | I4: 03/30 | J4: 04/06 | K4: 04/13 | L4: 04/20 | M4: 04/27 | N4: 05/04 | O4: 05/11 | P4: 05/18 | Q4: 05/25 | R4: 06/01 | S4: 06/08
A5: R001 | B5: Anis Bouchema | C5: Owner/Operator | D5: =SUMPRODUCT((ASSIGNMENTS!$C$2:$C$214="R001")*(INT(ASSIGNMENTS!$D$2:$D$214)=INT(D$2))*(ASSIGNMENTS!$E$2:$E$214)) -> 0 | E5: =SUMPRODUCT((ASSIGNMENTS!$C$2:$C$214="R001")*(INT(ASSIGNMENTS!$D$2:$D$214)=INT(E$2))*(ASSIGNMENTS!$E$2:$E$214)) -> 7 | F5: =SUMPRODUCT((ASSIGNMENTS!$C$2:$C$214="R001")*(INT(ASSIGNMENTS!$D$2:$D$214)=INT(F$2))*(ASSIGNMENTS!$E$2:$E$214)) -> 12.4 | G5: =SUMPRODUCT((ASSIGNMENTS!$C$2:$C$214="R001")*(INT(ASSIGNMENTS!$D$2:$D$214)=INT(G$2))*(ASSIGNMENTS!$E$2:$E$214)) -> 14.4 | H5: =SUMPRODUCT((ASSIGNMENTS!$C$2:$C$214="R001")*(INT(ASSIGNMENTS!$D$2:$D$214)=INT(H$2))*(ASSIGNMENTS!$E$2:$E$214)) -> 13.2 | I5: =SUMPRODUCT((ASSIGNMENTS!$C$2:$C$214="R001")*(INT(ASSIGNMENTS!$D$2:$D$214)=INT(I$2))*(ASSIGNMENTS!$E$2:$E$214)) -> 10.7 | J5: =SUMPRODUCT((ASSIGNMENTS!$C$2:$C$214="R001")*(INT(ASSIGNMENTS!$D$2:$D$214)=INT(J$2))*(ASSIGNMENTS!$E$2:$E$214)) -> 10.7 | K5: =SUMPRODUCT((ASSIGNMENTS!$C$2:$C$214="R001")*(INT(ASSIGNMENTS!$D$2:$D$214)=INT(K$2))*(ASSIGNMENTS!$E$2:$E$214)) -> 10.6 | ... S5: =SUMPRODUCT((ASSIGNMENTS!$C$2:$C$214="R001")*(INT(ASSIGNMENTS!$D$2:$D$214)=INT(S$2))*(ASSIGNMENTS!$E$2:$E$214)) -> 0
A6: R002 | B6: Jess Moreau | C6: Shift Lead | D6: =SUMPRODUCT((ASSIGNMENTS!$C$2:$C$214="R002")*(INT(ASSIGNMENTS!$D$2:$D$214)=INT(D$2))*(ASSIGNMENTS!$E$2:$E$214)) -> 18 | E6: =SUMPRODUCT((ASSIGNMENTS!$C$2:$C$214="R002")*(INT(ASSIGNMENTS!$D$2:$D$214)=INT(E$2))*(ASSIGNMENTS!$E$2:$E$214)) -> 18 | F6: =SUMPRODUCT((ASSIGNMENTS!$C$2:$C$214="R002")*(INT(ASSIGNMENTS!$D$2:$D$214)=INT(F$2))*(ASSIGNMENTS!$E$2:$E$214)) -> 18 | G6: =SUMPRODUCT((ASSIGNMENTS!$C$2:$C$214="R002")*(INT(ASSIGNMENTS!$D$2:$D$214)=INT(G$2))*(ASSIGNMENTS!$E$2:$E$214)) -> 18 | H6: =SUMPRODUCT((ASSIGNMENTS!$C$2:$C$214="R002")*(INT(ASSIGNMENTS!$D$2:$D$214)=INT(H$2))*(ASSIGNMENTS!$E$2:$E$214)) -> 18 | I6: =SUMPRODUCT((ASSIGNMENTS!$C$2:$C$214="R002")*(INT(ASSIGNMENTS!$D$2:$D$214)=INT(I$2))*(ASSIGNMENTS!$E$2:$E$214)) -> 22 | J6: =SUMPRODUCT((ASSIGNMENTS!$C$2:$C$214="R002")*(INT(ASSIGNMENTS!$D$2:$D$214)=INT(J$2))*(ASSIGNMENTS!$E$2:$E$214)) -> 23.5 | K6: =SUMPRODUCT((ASSIGNMENTS!$C$2:$C$214="R002")*(INT(ASSIGNMENTS!$D$2:$D$214)=INT(K$2))*(ASSIGNMENTS!$E$2:$E$214)) -> 19.5 | ... S6: =SUMPRODUCT((ASSIGNMENTS!$C$2:$C$214="R002")*(INT(ASSIGNMENTS!$D$2:$D$214)=INT(S$2))*(ASSIGNMENTS!$E$2:$E$214)) -> 18
A7: R003 | B7: Tyler Osei | C7: Shift Lead | D7: =SUMPRODUCT((ASSIGNMENTS!$C$2:$C$214="R003")*(INT(ASSIGNMENTS!$D$2:$D$214)=INT(D$2))*(ASSIGNMENTS!$E$2:$E$214)) -> 20 | E7: =SUMPRODUCT((ASSIGNMENTS!$C$2:$C$214="R003")*(INT(ASSIGNMENTS!$D$2:$D$214)=INT(E$2))*(ASSIGNMENTS!$E$2:$E$214)) -> 20 | F7: =SUMPRODUCT((ASSIGNMENTS!$C$2:$C$214="R003")*(INT(ASSIGNMENTS!$D$2:$D$214)=INT(F$2))*(ASSIGNMENTS!$E$2:$E$214)) -> 20 | G7: =SUMPRODUCT((ASSIGNMENTS!$C$2:$C$214="R003")*(INT(ASSIGNMENTS!$D$2:$D$214)=INT(G$2))*(ASSIGNMENTS!$E$2:$E$214)) -> 20 | H7: =SUMPRODUCT((ASSIGNMENTS!$C$2:$C$214="R003")*(INT(ASSIGNMENTS!$D$2:$D$214)=INT(H$2))*(ASSIGNMENTS!$E$2:$E$214)) -> 20 | I7: =SUMPRODUCT((ASSIGNMENTS!$C$2:$C$214="R003")*(INT(ASSIGNMENTS!$D$2:$D$214)=INT(I$2))*(ASSIGNMENTS!$E$2:$E$214)) -> 22.7 | J7: =SUMPRODUCT((ASSIGNMENTS!$C$2:$C$214="R003")*(INT(ASSIGNMENTS!$D$2:$D$214)=INT(J$2))*(ASSIGNMENTS!$E$2:$E$214)) -> 22.7 | K7: =SUMPRODUCT((ASSIGNMENTS!$C$2:$C$214="R003")*(INT(ASSIGNMENTS!$D$2:$D$214)=INT(K$2))*(ASSIGNMENTS!$E$2:$E$214)) -> 22.6 | ... S7: =SUMPRODUCT((ASSIGNMENTS!$C$2:$C$214="R003")*(INT(ASSIGNMENTS!$D$2:$D$214)=INT(S$2))*(ASSIGNMENTS!$E$2:$E$214)) -> 20
A8: R004 | B8: Maya Singh | C8: Scooper/Barista | D8: =SUMPRODUCT((ASSIGNMENTS!$C$2:$C$214="R004")*(INT(ASSIGNMENTS!$D$2:$D$214)=INT(D$2))*(ASSIGNMENTS!$E$2:$E$214)) -> 12 | E8: =SUMPRODUCT((ASSIGNMENTS!$C$2:$C$214="R004")*(INT(ASSIGNMENTS!$D$2:$D$214)=INT(E$2))*(ASSIGNMENTS!$E$2:$E$214)) -> 12 | F8: =SUMPRODUCT((ASSIGNMENTS!$C$2:$C$214="R004")*(INT(ASSIGNMENTS!$D$2:$D$214)=INT(F$2))*(ASSIGNMENTS!$E$2:$E$214)) -> 12 | G8: =SUMPRODUCT((ASSIGNMENTS!$C$2:$C$214="R004")*(INT(ASSIGNMENTS!$D$2:$D$214)=INT(G$2))*(ASSIGNMENTS!$E$2:$E$214)) -> 12 | H8: =SUMPRODUCT((ASSIGNMENTS!$C$2:$C$214="R004")*(INT(ASSIGNMENTS!$D$2:$D$214)=INT(H$2))*(ASSIGNMENTS!$E$2:$E$214)) -> 12 | I8: =SUMPRODUCT((ASSIGNMENTS!$C$2:$C$214="R004")*(INT(ASSIGNMENTS!$D$2:$D$214)=INT(I$2))*(ASSIGNMENTS!$E$2:$E$214)) -> 12 | J8: =SUMPRODUCT((ASSIGNMENTS!$C$2:$C$214="R004")*(INT(ASSIGNMENTS!$D$2:$D$214)=INT(J$2))*(ASSIGNMENTS!$E$2:$E$214)) -> 12 | K8: =SUMPRODUCT((ASSIGNMENTS!$C$2:$C$214="R004")*(INT(ASSIGNMENTS!$D$2:$D$214)=INT(K$2))*(ASSIGNMENTS!$E$2:$E$214)) -> 12 | ... S8: =SUMPRODUCT((ASSIGNMENTS!$C$2:$C$214="R004")*(INT(ASSIGNMENTS!$D$2:$D$214)=INT(S$2))*(ASSIGNMENTS!$E$2:$E$214)) -> 12
A9: R005 | B9: Ethan Tran | C9: Scooper/Barista | D9: =SUMPRODUCT((ASSIGNMENTS!$C$2:$C$214="R005")*(INT(ASSIGNMENTS!$D$2:$D$214)=INT(D$2))*(ASSIGNMENTS!$E$2:$E$214)) -> 17.5 | E9: =SUMPRODUCT((ASSIGNMENTS!$C$2:$C$214="R005")*(INT(ASSIGNMENTS!$D$2:$D$214)=INT(E$2))*(ASSIGNMENTS!$E$2:$E$214)) -> 17.5 | F9: =SUMPRODUCT((ASSIGNMENTS!$C$2:$C$214="R005")*(INT(ASSIGNMENTS!$D$2:$D$214)=INT(F$2))*(ASSIGNMENTS!$E$2:$E$214)) -> 17.5 | G9: =SUMPRODUCT((ASSIGNMENTS!$C$2:$C$214="R005")*(INT(ASSIGNMENTS!$D$2:$D$214)=INT(G$2))*(ASSIGNMENTS!$E$2:$E$214)) -> 17.5 | H9: =SUMPRODUCT((ASSIGNMENTS!$C$2:$C$214="R005")*(INT(ASSIGNMENTS!$D$2:$D$214)=INT(H$2))*(ASSIGNMENTS!$E$2:$E$214)) -> 17.5 | I9: =SUMPRODUCT((ASSIGNMENTS!$C$2:$C$214="R005")*(INT(ASSIGNMENTS!$D$2:$D$214)=INT(I$2))*(ASSIGNMENTS!$E$2:$E$214)) -> 17.5 | J9: =SUMPRODUCT((ASSIGNMENTS!$C$2:$C$214="R005")*(INT(ASSIGNMENTS!$D$2:$D$214)=INT(J$2))*(ASSIGNMENTS!$E$2:$E$214)) -> 17.5 | K9: =SUMPRODUCT((ASSIGNMENTS!$C$2:$C$214="R005")*(INT(ASSIGNMENTS!$D$2:$D$214)=INT(K$2))*(ASSIGNMENTS!$E$2:$E$214)) -> 17.5 | ... S9: =SUMPRODUCT((ASSIGNMENTS!$C$2:$C$214="R005")*(INT(ASSIGNMENTS!$D$2:$D$214)=INT(S$2))*(ASSIGNMENTS!$E$2:$E$214)) -> 17.5
A10: R006 | B10: Olivia Brown | C10: Scooper/Barista | D10: =SUMPRODUCT((ASSIGNMENTS!$C$2:$C$214="R006")*(INT(ASSIGNMENTS!$D$2:$D$214)=INT(D$2))*(ASSIGNMENTS!$E$2:$E$214)) -> 8 | E10: =SUMPRODUCT((ASSIGNMENTS!$C$2:$C$214="R006")*(INT(ASSIGNMENTS!$D$2:$D$214)=INT(E$2))*(ASSIGNMENTS!$E$2:$E$214)) -> 8 | F10: =SUMPRODUCT((ASSIGNMENTS!$C$2:$C$214="R006")*(INT(ASSIGNMENTS!$D$2:$D$214)=INT(F$2))*(ASSIGNMENTS!$E$2:$E$214)) -> 8 | G10: =SUMPRODUCT((ASSIGNMENTS!$C$2:$C$214="R006")*(INT(ASSIGNMENTS!$D$2:$D$214)=INT(G$2))*(ASSIGNMENTS!$E$2:$E$214)) -> 8 | H10: =SUMPRODUCT((ASSIGNMENTS!$C$2:$C$214="R006")*(INT(ASSIGNMENTS!$D$2:$D$214)=INT(H$2))*(ASSIGNMENTS!$E$2:$E$214)) -> 8 | I10: =SUMPRODUCT((ASSIGNMENTS!$C$2:$C$214="R006")*(INT(ASSIGNMENTS!$D$2:$D$214)=INT(I$2))*(ASSIGNMENTS!$E$2:$E$214)) -> 8 | J10: =SUMPRODUCT((ASSIGNMENTS!$C$2:$C$214="R006")*(INT(ASSIGNMENTS!$D$2:$D$214)=INT(J$2))*(ASSIGNMENTS!$E$2:$E$214)) -> 8 | K10: =SUMPRODUCT((ASSIGNMENTS!$C$2:$C$214="R006")*(INT(ASSIGNMENTS!$D$2:$D$214)=INT(K$2))*(ASSIGNMENTS!$E$2:$E$214)) -> 8 | ... S10: =SUMPRODUCT((ASSIGNMENTS!$C$2:$C$214="R006")*(INT(ASSIGNMENTS!$D$2:$D$214)=INT(S$2))*(ASSIGNMENTS!$E$2:$E$214)) -> 8
A11: R007 | B11: Noah Lafleur | C11: Barista | D11: =SUMPRODUCT((ASSIGNMENTS!$C$2:$C$214="R007")*(INT(ASSIGNMENTS!$D$2:$D$214)=INT(D$2))*(ASSIGNMENTS!$E$2:$E$214)) -> 10 | E11: =SUMPRODUCT((ASSIGNMENTS!$C$2:$C$214="R007")*(INT(ASSIGNMENTS!$D$2:$D$214)=INT(E$2))*(ASSIGNMENTS!$E$2:$E$214)) -> 10 | F11: =SUMPRODUCT((ASSIGNMENTS!$C$2:$C$214="R007")*(INT(ASSIGNMENTS!$D$2:$D$214)=INT(F$2))*(ASSIGNMENTS!$E$2:$E$214)) -> 10 | G11: =SUMPRODUCT((ASSIGNMENTS!$C$2:$C$214="R007")*(INT(ASSIGNMENTS!$D$2:$D$214)=INT(G$2))*(ASSIGNMENTS!$E$2:$E$214)) -> 10 | H11: =SUMPRODUCT((ASSIGNMENTS!$C$2:$C$214="R007")*(INT(ASSIGNMENTS!$D$2:$D$214)=INT(H$2))*(ASSIGNMENTS!$E$2:$E$214)) -> 10 | I11: =SUMPRODUCT((ASSIGNMENTS!$C$2:$C$214="R007")*(INT(ASSIGNMENTS!$D$2:$D$214)=INT(I$2))*(ASSIGNMENTS!$E$2:$E$214)) -> 10 | J11: =SUMPRODUCT((ASSIGNMENTS!$C$2:$C$214="R007")*(INT(ASSIGNMENTS!$D$2:$D$214)=INT(J$2))*(ASSIGNMENTS!$E$2:$E$214)) -> 10 | K11: =SUMPRODUCT((ASSIGNMENTS!$C$2:$C$214="R007")*(INT(ASSIGNMENTS!$D$2:$D$214)=INT(K$2))*(ASSIGNMENTS!$E$2:$E$214)) -> 10 | ... S11: =SUMPRODUCT((ASSIGNMENTS!$C$2:$C$214="R007")*(INT(ASSIGNMENTS!$D$2:$D$214)=INT(S$2))*(ASSIGNMENTS!$E$2:$E$214)) -> 10
A14: CAPACITY (Available Hours)
A15: Resource ID | B15: Name | C15: Role | D15: 02/23 | E15: 03/02 | F15: 03/09 | G15: 03/16 | H15: 03/23 | I15: 03/30 | J15: 04/06 | K15: 04/13 | L15: 04/20 | M15: 04/27 | N15: 05/04 | O15: 05/11 | P15: 05/18 | Q15: 05/25 | R15: 06/01 | S15: 06/08
A16: R001 | B16: Anis Bouchema | C16: Owner/Operator | D16: =CAPACITY_MODEL!F4 -> 50 | E16: =CAPACITY_MODEL!G4 -> 50 | F16: =CAPACITY_MODEL!H4 -> 50 | G16: =CAPACITY_MODEL!I4 -> 50 | H16: =CAPACITY_MODEL!J4 -> 50 | I16: =CAPACITY_MODEL!K4 -> 50 | J16: =CAPACITY_MODEL!L4 -> 50 | K16: =CAPACITY_MODEL!M4 -> 50 | ... S16: =CAPACITY_MODEL!U4 -> 50
A17: R002 | B17: Jess Moreau | C17: Shift Lead | D17: =CAPACITY_MODEL!F5 -> 35 | E17: =CAPACITY_MODEL!G5 -> 35 | F17: =CAPACITY_MODEL!H5 -> 35 | G17: =CAPACITY_MODEL!I5 -> 35 | H17: =CAPACITY_MODEL!J5 -> 35 | I17: =CAPACITY_MODEL!K5 -> 35 | J17: =CAPACITY_MODEL!L5 -> 35 | K17: =CAPACITY_MODEL!M5 -> 35 | ... S17: =CAPACITY_MODEL!U5 -> 35
A18: R003 | B18: Tyler Osei | C18: Shift Lead | D18: =CAPACITY_MODEL!F6 -> 35 | E18: =CAPACITY_MODEL!G6 -> 35 | F18: =CAPACITY_MODEL!H6 -> 35 | G18: =CAPACITY_MODEL!I6 -> 35 | H18: =CAPACITY_MODEL!J6 -> 35 | I18: =CAPACITY_MODEL!K6 -> 35 | J18: =CAPACITY_MODEL!L6 -> 35 | K18: =CAPACITY_MODEL!M6 -> 35 | ... S18: =CAPACITY_MODEL!U6 -> 35
A19: R004 | B19: Maya Singh | C19: Scooper/Barista | D19: =CAPACITY_MODEL!F7 -> 25 | E19: =CAPACITY_MODEL!G7 -> 25 | F19: =CAPACITY_MODEL!H7 -> 25 | G19: =CAPACITY_MODEL!I7 -> 25 | H19: =CAPACITY_MODEL!J7 -> 25 | I19: =CAPACITY_MODEL!K7 -> 25 | J19: =CAPACITY_MODEL!L7 -> 25 | K19: =CAPACITY_MODEL!M7 -> 25 | ... S19: =CAPACITY_MODEL!U7 -> 25
A20: R005 | B20: Ethan Tran | C20: Scooper/Barista | D20: =CAPACITY_MODEL!F8 -> 28 | E20: =CAPACITY_MODEL!G8 -> 28 | F20: =CAPACITY_MODEL!H8 -> 28 | G20: =CAPACITY_MODEL!I8 -> 28 | H20: =CAPACITY_MODEL!J8 -> 28 | I20: =CAPACITY_MODEL!K8 -> 28 | J20: =CAPACITY_MODEL!L8 -> 28 | K20: =CAPACITY_MODEL!M8 -> 28 | ... S20: =CAPACITY_MODEL!U8 -> 28
A21: R006 | B21: Olivia Brown | C21: Scooper/Barista | D21: =CAPACITY_MODEL!F9 -> 20 | E21: =CAPACITY_MODEL!G9 -> 20 | F21: =CAPACITY_MODEL!H9 -> 20 | G21: =CAPACITY_MODEL!I9 -> 20 | H21: =CAPACITY_MODEL!J9 -> 20 | I21: =CAPACITY_MODEL!K9 -> 20 | J21: =CAPACITY_MODEL!L9 -> 20 | K21: =CAPACITY_MODEL!M9 -> 20 | ... S21: =CAPACITY_MODEL!U9 -> 20
A22: R007 | B22: Noah Lafleur | C22: Barista | D22: =CAPACITY_MODEL!F10 -> 20 | E22: =CAPACITY_MODEL!G10 -> 20 | F22: =CAPACITY_MODEL!H10 -> 20 | G22: =CAPACITY_MODEL!I10 -> 20 | H22: =CAPACITY_MODEL!J10 -> 20 | I22: =CAPACITY_MODEL!K10 -> 20 | J22: =CAPACITY_MODEL!L10 -> 20 | K22: =CAPACITY_MODEL!M10 -> 20 | ... S22: =CAPACITY_MODEL!U10 -> 20
A24: UTILIZATION %
A25: Resource ID | B25: Name | C25: Role | D25: 02/23 | E25: 03/02 | F25: 03/09 | G25: 03/16 | H25: 03/23 | I25: 03/30 | J25: 04/06 | K25: 04/13 | L25: 04/20 | M25: 04/27 | N25: 05/04 | O25: 05/11 | P25: 05/18 | Q25: 05/25 | R25: 06/01 | S25: 06/08
A26: R001 | B26: Anis Bouchema | C26: Owner/Operator | D26: =IFERROR(D5/D16,0) -> 0 | E26: =IFERROR(E5/E16,0) -> 0.14 | F26: =IFERROR(F5/F16,0) -> 0.248 | G26: =IFERROR(G5/G16,0) -> 0.288 | H26: =IFERROR(H5/H16,0) -> 0.264 | I26: =IFERROR(I5/I16,0) -> 0.214 | J26: =IFERROR(J5/J16,0) -> 0.214 | K26: =IFERROR(K5/K16,0) -> 0.212 | ... S26: =IFERROR(S5/S16,0) -> 0
A27: R002 | B27: Jess Moreau | C27: Shift Lead | D27: =IFERROR(D6/D17,0) -> 0.51428571 | E27: =IFERROR(E6/E17,0) -> 0.51428571 | F27: =IFERROR(F6/F17,0) -> 0.51428571 | G27: =IFERROR(G6/G17,0) -> 0.51428571 | H27: =IFERROR(H6/H17,0) -> 0.51428571 | I27: =IFERROR(I6/I17,0) -> 0.62857143 | J27: =IFERROR(J6/J17,0) -> 0.67142857 | K27: =IFERROR(K6/K17,0) -> 0.55714286 | ... S27: =IFERROR(S6/S17,0) -> 0.51428571
A28: R003 | B28: Tyler Osei | C28: Shift Lead | D28: =IFERROR(D7/D18,0) -> 0.57142857 | E28: =IFERROR(E7/E18,0) -> 0.57142857 | F28: =IFERROR(F7/F18,0) -> 0.57142857 | G28: =IFERROR(G7/G18,0) -> 0.57142857 | H28: =IFERROR(H7/H18,0) -> 0.57142857 | I28: =IFERROR(I7/I18,0) -> 0.64857143 | J28: =IFERROR(J7/J18,0) -> 0.64857143 | K28: =IFERROR(K7/K18,0) -> 0.64571429 | ... S28: =IFERROR(S7/S18,0) -> 0.57142857
A29: R004 | B29: Maya Singh | C29: Scooper/Barista | D29: =IFERROR(D8/D19,0) -> 0.48 | E29: =IFERROR(E8/E19,0) -> 0.48 | F29: =IFERROR(F8/F19,0) -> 0.48 | G29: =IFERROR(G8/G19,0) -> 0.48 | H29: =IFERROR(H8/H19,0) -> 0.48 | I29: =IFERROR(I8/I19,0) -> 0.48 | J29: =IFERROR(J8/J19,0) -> 0.48 | K29: =IFERROR(K8/K19,0) -> 0.48 | ... S29: =IFERROR(S8/S19,0) -> 0.48
A30: R005 | B30: Ethan Tran | C30: Scooper/Barista | D30: =IFERROR(D9/D20,0) -> 0.625 | E30: =IFERROR(E9/E20,0) -> 0.625 | F30: =IFERROR(F9/F20,0) -> 0.625 | G30: =IFERROR(G9/G20,0) -> 0.625 | H30: =IFERROR(H9/H20,0) -> 0.625 | I30: =IFERROR(I9/I20,0) -> 0.625 | J30: =IFERROR(J9/J20,0) -> 0.625 | K30: =IFERROR(K9/K20,0) -> 0.625 | ... S30: =IFERROR(S9/S20,0) -> 0.625
A31: R006 | B31: Olivia Brown | C31: Scooper/Barista | D31: =IFERROR(D10/D21,0) -> 0.4 | E31: =IFERROR(E10/E21,0) -> 0.4 | F31: =IFERROR(F10/F21,0) -> 0.4 | G31: =IFERROR(G10/G21,0) -> 0.4 | H31: =IFERROR(H10/H21,0) -> 0.4 | I31: =IFERROR(I10/I21,0) -> 0.4 | J31: =IFERROR(J10/J21,0) -> 0.4 | K31: =IFERROR(K10/K21,0) -> 0.4 | ... S31: =IFERROR(S10/S21,0) -> 0.4
A32: R007 | B32: Noah Lafleur | C32: Barista | D32: =IFERROR(D11/D22,0) -> 0.5 | E32: =IFERROR(E11/E22,0) -> 0.5 | F32: =IFERROR(F11/F22,0) -> 0.5 | G32: =IFERROR(G11/G22,0) -> 0.5 | H32: =IFERROR(H11/H22,0) -> 0.5 | I32: =IFERROR(I11/I22,0) -> 0.5 | J32: =IFERROR(J11/J22,0) -> 0.5 | K32: =IFERROR(K11/K22,0) -> 0.5 | ... S32: =IFERROR(S11/S22,0) -> 0.5
A34: OVER-ALLOCATION FLAGS
A35: Resource ID | B35: Name | C35: Role | D35: 02/23 | E35: 03/02 | F35: 03/09 | G35: 03/16 | H35: 03/23 | I35: 03/30 | J35: 04/06 | K35: 04/13 | L35: 04/20 | M35: 04/27 | N35: 05/04 | O35: 05/11 | P35: 05/18 | Q35: 05/25 | R35: 06/01 | S35: 06/08
A36: R001 | B36: Anis Bouchema | C36: Owner/Operator | D36: =IF(D26>1,"OVER","") | E36: =IF(E26>1,"OVER","") | F36: =IF(F26>1,"OVER","") | G36: =IF(G26>1,"OVER","") | H36: =IF(H26>1,"OVER","") | I36: =IF(I26>1,"OVER","") | J36: =IF(J26>1,"OVER","") | K36: =IF(K26>1,"OVER","") | ... S36: =IF(S26>1,"OVER","")
A37: R002 | B37: Jess Moreau | C37: Shift Lead | D37: =IF(D27>1,"OVER","") | E37: =IF(E27>1,"OVER","") | F37: =IF(F27>1,"OVER","") | G37: =IF(G27>1,"OVER","") | H37: =IF(H27>1,"OVER","") | I37: =IF(I27>1,"OVER","") | J37: =IF(J27>1,"OVER","") | K37: =IF(K27>1,"OVER","") | ... S37: =IF(S27>1,"OVER","")
A38: R003 | B38: Tyler Osei | C38: Shift Lead | D38: =IF(D28>1,"OVER","") | E38: =IF(E28>1,"OVER","") | F38: =IF(F28>1,"OVER","") | G38: =IF(G28>1,"OVER","") | H38: =IF(H28>1,"OVER","") | I38: =IF(I28>1,"OVER","") | J38: =IF(J28>1,"OVER","") | K38: =IF(K28>1,"OVER","") | ... S38: =IF(S28>1,"OVER","")
A39: R004 | B39: Maya Singh | C39: Scooper/Barista | D39: =IF(D29>1,"OVER","") | E39: =IF(E29>1,"OVER","") | F39: =IF(F29>1,"OVER","") | G39: =IF(G29>1,"OVER","") | H39: =IF(H29>1,"OVER","") | I39: =IF(I29>1,"OVER","") | J39: =IF(J29>1,"OVER","") | K39: =IF(K29>1,"OVER","") | ... S39: =IF(S29>1,"OVER","")
A40: R005 | B40: Ethan Tran | C40: Scooper/Barista | D40: =IF(D30>1,"OVER","") | E40: =IF(E30>1,"OVER","") | F40: =IF(F30>1,"OVER","") | G40: =IF(G30>1,"OVER","") | H40: =IF(H30>1,"OVER","") | I40: =IF(I30>1,"OVER","") | J40: =IF(J30>1,"OVER","") | K40: =IF(K30>1,"OVER","") | ... S40: =IF(S30>1,"OVER","")
A41: R006 | B41: Olivia Brown | C41: Scooper/Barista | D41: =IF(D31>1,"OVER","") | E41: =IF(E31>1,"OVER","") | F41: =IF(F31>1,"OVER","") | G41: =IF(G31>1,"OVER","") | H41: =IF(H31>1,"OVER","") | I41: =IF(I31>1,"OVER","") | J41: =IF(J31>1,"OVER","") | K41: =IF(K31>1,"OVER","") | ... S41: =IF(S31>1,"OVER","")
A42: R007 | B42: Noah Lafleur | C42: Barista | D42: =IF(D32>1,"OVER","") | E42: =IF(E32>1,"OVER","") | F42: =IF(F32>1,"OVER","") | G42: =IF(G32>1,"OVER","") | H42: =IF(H32>1,"OVER","") | I42: =IF(I32>1,"OVER","") | J42: =IF(J32>1,"OVER","") | K42: =IF(K32>1,"OVER","") | ... S42: =IF(S32>1,"OVER","")

Sheet SCHEDULE_VIEW
A1: WEEKLY SCHEDULE VIEW
A2: Shows total assigned hours per person per week. Red = over capacity.
D3: 46076 | E3: 46083 | F3: 46090 | G3: 46097 | H3: 46104 | I3: 46111 | J3: 46118 | K3: 46125 | L3: 46132 | M3: 46139 | N3: 46146 | O3: 46153 | P3: 46160 | Q3: 46167 | R3: 46174 | S3: 46181
A4: Resource | B4: Role | C4: Location | D4: 02/23 | E4: 03/02 | F4: 03/09 | G4: 03/16 | H4: 03/23 | I4: 03/30 | J4: 04/06 | K4: 04/13 | L4: 04/20 | M4: 04/27 | N4: 05/04 | O4: 05/11 | P4: 05/18 | Q4: 05/25 | R4: 06/01 | S4: 06/08
A5: Anis Bouchema | B5: Owner/Operator | C5: All Locations | D5: =IFERROR(IF(DEMAND_VS_CAPACITY!D5=0,"—",DEMAND_VS_CAPACITY!D5&"h"),"") -> — | E5: =IFERROR(IF(DEMAND_VS_CAPACITY!E5=0,"—",DEMAND_VS_CAPACITY!E5&"h"),"") -> 7h | F5: =IFERROR(IF(DEMAND_VS_CAPACITY!F5=0,"—",DEMAND_VS_CAPACITY!F5&"h"),"") -> 12.4h | G5: =IFERROR(IF(DEMAND_VS_CAPACITY!G5=0,"—",DEMAND_VS_CAPACITY!G5&"h"),"") -> 14.4h | H5: =IFERROR(IF(DEMAND_VS_CAPACITY!H5=0,"—",DEMAND_VS_CAPACITY!H5&"h"),"") -> 13.2h | I5: =IFERROR(IF(DEMAND_VS_CAPACITY!I5=0,"—",DEMAND_VS_CAPACITY!I5&"h"),"") -> 10.7h | J5: =IFERROR(IF(DEMAND_VS_CAPACITY!J5=0,"—",DEMAND_VS_CAPACITY!J5&"h"),"") -> 10.7h | K5: =IFERROR(IF(DEMAND_VS_CAPACITY!K5=0,"—",DEMAND_VS_CAPACITY!K5&"h"),"") -> 10.6h | ... S5: =IFERROR(IF(DEMAND_VS_CAPACITY!S5=0,"—",DEMAND_VS_CAPACITY!S5&"h"),"") -> —
A6: Jess Moreau | B6: Shift Lead | C6: La Diperie Oakville | D6: =IFERROR(IF(DEMAND_VS_CAPACITY!D6=0,"—",DEMAND_VS_CAPACITY!D6&"h"),"") -> 18h | E6: =IFERROR(IF(DEMAND_VS_CAPACITY!E6=0,"—",DEMAND_VS_CAPACITY!E6&"h"),"") -> 18h | F6: =IFERROR(IF(DEMAND_VS_CAPACITY!F6=0,"—",DEMAND_VS_CAPACITY!F6&"h"),"") -> 18h | G6: =IFERROR(IF(DEMAND_VS_CAPACITY!G6=0,"—",DEMAND_VS_CAPACITY!G6&"h"),"") -> 18h | H6: =IFERROR(IF(DEMAND_VS_CAPACITY!H6=0,"—",DEMAND_VS_CAPACITY!H6&"h"),"") -> 18h | I6: =IFERROR(IF(DEMAND_VS_CAPACITY!I6=0,"—",DEMAND_VS_CAPACITY!I6&"h"),"") -> 22h | J6: =IFERROR(IF(DEMAND_VS_CAPACITY!J6=0,"—",DEMAND_VS_CAPACITY!J6&"h"),"") -> 23.5h | K6: =IFERROR(IF(DEMAND_VS_CAPACITY!K6=0,"—",DEMAND_VS_CAPACITY!K6&"h"),"") -> 19.5h | ... S6: =IFERROR(IF(DEMAND_VS_CAPACITY!S6=0,"—",DEMAND_VS_CAPACITY!S6&"h"),"") -> 18h
A7: Tyler Osei | B7: Shift Lead | C7: La Diperie HP / La Fayette | D7: =IFERROR(IF(DEMAND_VS_CAPACITY!D7=0,"—",DEMAND_VS_CAPACITY!D7&"h"),"") -> 20h | E7: =IFERROR(IF(DEMAND_VS_CAPACITY!E7=0,"—",DEMAND_VS_CAPACITY!E7&"h"),"") -> 20h | F7: =IFERROR(IF(DEMAND_VS_CAPACITY!F7=0,"—",DEMAND_VS_CAPACITY!F7&"h"),"") -> 20h | G7: =IFERROR(IF(DEMAND_VS_CAPACITY!G7=0,"—",DEMAND_VS_CAPACITY!G7&"h"),"") -> 20h | H7: =IFERROR(IF(DEMAND_VS_CAPACITY!H7=0,"—",DEMAND_VS_CAPACITY!H7&"h"),"") -> 20h | I7: =IFERROR(IF(DEMAND_VS_CAPACITY!I7=0,"—",DEMAND_VS_CAPACITY!I7&"h"),"") -> 22.7h | J7: =IFERROR(IF(DEMAND_VS_CAPACITY!J7=0,"—",DEMAND_VS_CAPACITY!J7&"h"),"") -> 22.7h | K7: =IFERROR(IF(DEMAND_VS_CAPACITY!K7=0,"—",DEMAND_VS_CAPACITY!K7&"h"),"") -> 22.6h | ... S7: =IFERROR(IF(DEMAND_VS_CAPACITY!S7=0,"—",DEMAND_VS_CAPACITY!S7&"h"),"") -> 20h
A8: Maya Singh | B8: Scooper/Barista | C8: La Diperie Oakville | D8: =IFERROR(IF(DEMAND_VS_CAPACITY!D8=0,"—",DEMAND_VS_CAPACITY!D8&"h"),"") -> 12h | E8: =IFERROR(IF(DEMAND_VS_CAPACITY!E8=0,"—",DEMAND_VS_CAPACITY!E8&"h"),"") -> 12h | F8: =IFERROR(IF(DEMAND_VS_CAPACITY!F8=0,"—",DEMAND_VS_CAPACITY!F8&"h"),"") -> 12h | G8: =IFERROR(IF(DEMAND_VS_CAPACITY!G8=0,"—",DEMAND_VS_CAPACITY!G8&"h"),"") -> 12h | H8: =IFERROR(IF(DEMAND_VS_CAPACITY!H8=0,"—",DEMAND_VS_CAPACITY!H8&"h"),"") -> 12h | I8: =IFERROR(IF(DEMAND_VS_CAPACITY!I8=0,"—",DEMAND_VS_CAPACITY!I8&"h"),"") -> 12h | J8: =IFERROR(IF(DEMAND_VS_CAPACITY!J8=0,"—",DEMAND_VS_CAPACITY!J8&"h"),"") -> 12h | K8: =IFERROR(IF(DEMAND_VS_CAPACITY!K8=0,"—",DEMAND_VS_CAPACITY!K8&"h"),"") -> 12h | ... S8: =IFERROR(IF(DEMAND_VS_CAPACITY!S8=0,"—",DEMAND_VS_CAPACITY!S8&"h"),"") -> 12h
A9: Ethan Tran | B9: Scooper/Barista | C9: La Diperie HP / La Fayette | D9: =IFERROR(IF(DEMAND_VS_CAPACITY!D9=0,"—",DEMAND_VS_CAPACITY!D9&"h"),"") -> 17.5h | E9: =IFERROR(IF(DEMAND_VS_CAPACITY!E9=0,"—",DEMAND_VS_CAPACITY!E9&"h"),"") -> 17.5h | F9: =IFERROR(IF(DEMAND_VS_CAPACITY!F9=0,"—",DEMAND_VS_CAPACITY!F9&"h"),"") -> 17.5h | G9: =IFERROR(IF(DEMAND_VS_CAPACITY!G9=0,"—",DEMAND_VS_CAPACITY!G9&"h"),"") -> 17.5h | H9: =IFERROR(IF(DEMAND_VS_CAPACITY!H9=0,"—",DEMAND_VS_CAPACITY!H9&"h"),"") -> 17.5h | I9: =IFERROR(IF(DEMAND_VS_CAPACITY!I9=0,"—",DEMAND_VS_CAPACITY!I9&"h"),"") -> 17.5h | J9: =IFERROR(IF(DEMAND_VS_CAPACITY!J9=0,"—",DEMAND_VS_CAPACITY!J9&"h"),"") -> 17.5h | K9: =IFERROR(IF(DEMAND_VS_CAPACITY!K9=0,"—",DEMAND_VS_CAPACITY!K9&"h"),"") -> 17.5h | ... S9: =IFERROR(IF(DEMAND_VS_CAPACITY!S9=0,"—",DEMAND_VS_CAPACITY!S9&"h"),"") -> 17.5h
A10: Olivia Brown | B10: Scooper/Barista | C10: La Diperie Oakville | D10: =IFERROR(IF(DEMAND_VS_CAPACITY!D10=0,"—",DEMAND_VS_CAPACITY!D10&"h"),"") -> 8h | E10: =IFERROR(IF(DEMAND_VS_CAPACITY!E10=0,"—",DEMAND_VS_CAPACITY!E10&"h"),"") -> 8h | F10: =IFERROR(IF(DEMAND_VS_CAPACITY!F10=0,"—",DEMAND_VS_CAPACITY!F10&"h"),"") -> 8h | G10: =IFERROR(IF(DEMAND_VS_CAPACITY!G10=0,"—",DEMAND_VS_CAPACITY!G10&"h"),"") -> 8h | H10: =IFERROR(IF(DEMAND_VS_CAPACITY!H10=0,"—",DEMAND_VS_CAPACITY!H10&"h"),"") -> 8h | I10: =IFERROR(IF(DEMAND_VS_CAPACITY!I10=0,"—",DEMAND_VS_CAPACITY!I10&"h"),"") -> 8h | J10: =IFERROR(IF(DEMAND_VS_CAPACITY!J10=0,"—",DEMAND_VS_CAPACITY!J10&"h"),"") -> 8h | K10: =IFERROR(IF(DEMAND_VS_CAPACITY!K10=0,"—",DEMAND_VS_CAPACITY!K10&"h"),"") -> 8h | ... S10: =IFERROR(IF(DEMAND_VS_CAPACITY!S10=0,"—",DEMAND_VS_CAPACITY!S10&"h"),"") -> 8h
A11: Noah Lafleur | B11: Barista | C11: La Fayette | D11: =IFERROR(IF(DEMAND_VS_CAPACITY!D11=0,"—",DEMAND_VS_CAPACITY!D11&"h"),"") -> 10h | E11: =IFERROR(IF(DEMAND_VS_CAPACITY!E11=0,"—",DEMAND_VS_CAPACITY!E11&"h"),"") -> 10h | F11: =IFERROR(IF(DEMAND_VS_CAPACITY!F11=0,"—",DEMAND_VS_CAPACITY!F11&"h"),"") -> 10h | G11: =IFERROR(IF(DEMAND_VS_CAPACITY!G11=0,"—",DEMAND_VS_CAPACITY!G11&"h"),"") -> 10h | H11: =IFERROR(IF(DEMAND_VS_CAPACITY!H11=0,"—",DEMAND_VS_CAPACITY!H11&"h"),"") -> 10h | I11: =IFERROR(IF(DEMAND_VS_CAPACITY!I11=0,"—",DEMAND_VS_CAPACITY!I11&"h"),"") -> 10h | J11: =IFERROR(IF(DEMAND_VS_CAPACITY!J11=0,"—",DEMAND_VS_CAPACITY!J11&"h"),"") -> 10h | K11: =IFERROR(IF(DEMAND_VS_CAPACITY!K11=0,"—",DEMAND_VS_CAPACITY!K11&"h"),"") -> 10h | ... S11: =IFERROR(IF(DEMAND_VS_CAPACITY!S11=0,"—",DEMAND_VS_CAPACITY!S11&"h"),"") -> 10h

Sheet PROJECT_VIEW
A1: PROJECT STATUS VIEW
A3: Project ID | B3: Project Name | C3: Priority | D3: Status | E3: Start | F3: End | G3: Total Est Hours | H3: Assigned Hours | I3: Remaining Hours | J3: % Staffed | K3: Risk Flag
A4: P001 | B4: Spring/Summer Menu Launch | C4: 1 | D4: Planning | E4: 46083 | F4: 46143 | G4: =SUMIF(TASKS!B:B,A4,TASKS!H:H) -> 52 | H4: =SUMPRODUCT((IFERROR(VLOOKUP(ASSIGNMENTS!$B$2:$B$214,TASKS!$A:$B,2,FALSE()),"")=$A4)*ASSIGNMENTS!$E$2:$E$214) -> 1530 | I4: =G4-H4 -> -1478 | J4: =IFERROR(H4/G4,0) -> 29.423077 | K4: =IF(I4>0,"UNDERSTAFFED",IF(J4<0.8,"LOW COVERAGE","OK")) -> OK
A5: P002 | B5: Summer Hiring & Training | C5: 1 | D5: Planning | E5: 46090 | F5: 46157 | G5: =SUMIF(TASKS!B:B,A5,TASKS!H:H) -> 54 | H5: =SUMPRODUCT((IFERROR(VLOOKUP(ASSIGNMENTS!$B$2:$B$214,TASKS!$A:$B,2,FALSE()),"")=$A5)*ASSIGNMENTS!$E$2:$E$214) -> 0 | I5: =G5-H5 -> 54 | J5: =IFERROR(H5/G5,0) -> 0 | K5: =IF(I5>0,"UNDERSTAFFED",IF(J5<0.8,"LOW COVERAGE","OK")) -> UNDERSTAFFED
A6: P003 | B6: Daily Ops — La Diperie Oakville | C6: 2 | D6: In Progress | E6: 46076 | F6: 46185 | G6: =SUMIF(TASKS!B:B,A6,TASKS!H:H) -> 608 | H6: =SUMPRODUCT((IFERROR(VLOOKUP(ASSIGNMENTS!$B$2:$B$214,TASKS!$A:$B,2,FALSE()),"")=$A6)*ASSIGNMENTS!$E$2:$E$214) -> 0 | I6: =G6-H6 -> 608 | J6: =IFERROR(H6/G6,0) -> 0 | K6: =IF(I6>0,"UNDERSTAFFED",IF(J6<0.8,"LOW COVERAGE","OK")) -> UNDERSTAFFED
A7: P004 | B7: Daily Ops — La Diperie High Park | C7: 2 | D7: In Progress | E7: 46076 | F7: 46185 | G7: =SUMIF(TASKS!B:B,A7,TASKS!H:H) -> 456 | H7: =SUMPRODUCT((IFERROR(VLOOKUP(ASSIGNMENTS!$B$2:$B$214,TASKS!$A:$B,2,FALSE()),"")=$A7)*ASSIGNMENTS!$E$2:$E$214) -> 0 | I7: =G7-H7 -> 456 | J7: =IFERROR(H7/G7,0) -> 0 | K7: =IF(I7>0,"UNDERSTAFFED",IF(J7<0.8,"LOW COVERAGE","OK")) -> UNDERSTAFFED
A8: P005 | B8: Daily Ops — La Fayette Coffee | C8: 2 | D8: In Progress | E8: 46076 | F8: 46185 | G8: =SUMIF(TASKS!B:B,A8,TASKS!H:H) -> 304 | H8: =SUMPRODUCT((IFERROR(VLOOKUP(ASSIGNMENTS!$B$2:$B$214,TASKS!$A:$B,2,FALSE()),"")=$A8)*ASSIGNMENTS!$E$2:$E$214) -> 0 | I8: =G8-H8 -> 304 | J8: =IFERROR(H8/G8,0) -> 0 | K8: =IF(I8>0,"UNDERSTAFFED",IF(J8<0.8,"LOW COVERAGE","OK")) -> UNDERSTAFFED
A9: P006 | B9: Inventory & Ordering Optimization | C9: 3 | D9: Planning | E9: 46083 | F9: 46129 | G9: =SUMIF(TASKS!B:B,A9,TASKS!H:H) -> 19 | H9: =SUMPRODUCT((IFERROR(VLOOKUP(ASSIGNMENTS!$B$2:$B$214,TASKS!$A:$B,2,FALSE()),"")=$A9)*ASSIGNMENTS!$E$2:$E$214) -> 0 | I9: =G9-H9 -> 19 | J9: =IFERROR(H9/G9,0) -> 0 | K9: =IF(I9>0,"UNDERSTAFFED",IF(J9<0.8,"LOW COVERAGE","OK")) -> UNDERSTAFFED
A10: P007 | B10: Social Media & Marketing Push | C10: 3 | D10: Not Started | E10: 46097 | F10: 46171 | G10: =SUMIF(TASKS!B:B,A10,TASKS!H:H) -> 37 | H10: =SUMPRODUCT((IFERROR(VLOOKUP(ASSIGNMENTS!$B$2:$B$214,TASKS!$A:$B,2,FALSE()),"")=$A10)*ASSIGNMENTS!$E$2:$E$214) -> 0 | I10: =G10-H10 -> 37 | J10: =IFERROR(H10/G10,0) -> 0 | K10: =IF(I10>0,"UNDERSTAFFED",IF(J10<0.8,"LOW COVERAGE","OK")) -> UNDERSTAFFED

Sheet DASHBOARD
A1: LA DIPERIE & LA FAYETTE — SCHEDULING DASHBOARD
A3: KPI | B3: Value
A4: Total Team Members | B4: =COUNTA(RESOURCES!A2:A8) -> 7
A5: Total Projects | B5: =COUNTA(PROJECTS!A2:A8) -> 7
A6: Total Tasks | B6: =COUNTA(TASKS!A2:A30) -> 29
A7: Total Estimated Hours (16 wks) | B7: =SUM(TASKS!H2:H30) -> 1530
A8: Total Assigned Hours | B8: =SUM(ASSIGNMENTS!E2:E214) -> 1530
A9: Unassigned Hours | B9: =B7-B8 -> 0
A10: Over-Allocated Instances | B10: =COUNTIF(DEMAND_VS_CAPACITY!D36:S42,"OVER") -> 0
A11: Projects at Risk | B11: =COUNTIF(PROJECT_VIEW!K4:K10,"UNDERSTAFFED") -> 6
A12: Planning Horizon | B12: =TEXT(PlanStart,"MMM D")&" → "&TEXT(PlanStart+(NumWeeks*7)-1,"MMM D, YYYY") -> Feb 23 → Jun 14, 2026
A15: CAPACITY vs DEMAND BY WEEK
A16: Metric | B16: 02/23 | C16: 03/02 | D16: 03/09 | E16: 03/16 | F16: 03/23 | G16: 03/30 | H16: 04/06 | I16: 04/13 | J16: 04/20 | K16: 04/27 | L16: 05/04 | M16: 05/11 | N16: 05/18 | O16: 05/25 | P16: 06/01 | Q16: 06/08
A17: Total Demand | B17: =SUM(DEMAND_VS_CAPACITY!D5:D11) -> 85.5 | C17: =SUM(DEMAND_VS_CAPACITY!E5:E11) -> 92.5 | D17: =SUM(DEMAND_VS_CAPACITY!F5:F11) -> 97.9 | E17: =SUM(DEMAND_VS_CAPACITY!G5:G11) -> 99.9 | F17: =SUM(DEMAND_VS_CAPACITY!H5:H11) -> 98.7 | G17: =SUM(DEMAND_VS_CAPACITY!I5:I11) -> 102.9 | H17: =SUM(DEMAND_VS_CAPACITY!J5:J11) -> 104.4 | I17: =SUM(DEMAND_VS_CAPACITY!K5:K11) -> 100.2 | ... Q17: =SUM(DEMAND_VS_CAPACITY!S5:S11) -> 85.5
A18: Total Capacity | B18: =SUM(DEMAND_VS_CAPACITY!D16:D22) -> 213 | C18: =SUM(DEMAND_VS_CAPACITY!E16:E22) -> 213 | D18: =SUM(DEMAND_VS_CAPACITY!F16:F22) -> 213 | E18: =SUM(DEMAND_VS_CAPACITY!G16:G22) -> 213 | F18: =SUM(DEMAND_VS_CAPACITY!H16:H22) -> 213 | G18: =SUM(DEMAND_VS_CAPACITY!I16:I22) -> 213 | H18: =SUM(DEMAND_VS_CAPACITY!J16:J22) -> 213 | I18: =SUM(DEMAND_VS_CAPACITY!K16:K22) -> 213 | ... Q18: =SUM(DEMAND_VS_CAPACITY!S16:S22) -> 213
A19: Avg Utilization | B19: =IFERROR(B17/B18,0) -> 0.40140845 | C19: =IFERROR(C17/C18,0) -> 0.4342723 | D19: =IFERROR(D17/D18,0) -> 0.45962441 | E19: =IFERROR(E17/E18,0) -> 0.46901408 | F19: =IFERROR(F17/F18,0) -> 0.46338028 | G19: =IFERROR(G17/G18,0) -> 0.48309859 | H19: =IFERROR(H17/H18,0) -> 0.49014085 | I19: =IFERROR(I17/I18,0) -> 0.47042254 | ... Q19: =IFERROR(Q17/Q18,0) -> 0.40140845
A41: UTILIZATION BANDS (Week 1)
A42: Band | B42: # People
A43: < 50% | B43: =COUNTIF(DEMAND_VS_CAPACITY!D26:D32,"<50%") -> 3
A44: 50–70% | B44: =COUNTIFS(DEMAND_VS_CAPACITY!D26:D32,">=50%",DEMAND_VS_CAPACITY!D26:D32,"<70%") -> 4
A45: 70–100% | B45: =COUNTIFS(DEMAND_VS_CAPACITY!D26:D32,">=70%",DEMAND_VS_CAPACITY!D26:D32,"<=100%") -> 0
A46: > 100% (OVER) | B46: =COUNTIF(DEMAND_VS_CAPACITY!D26:D32,">100%") -> 0

Sheet DATA_ISSUES
A1: DATA QUALITY ISSUES
A3: Issue # | B3: Source Tab | C3: Record ID | D3: Issue Type | E3: Details
A4: 1 | B4: ASSIGNMENTS | C4: =ASSIGNMENTS!A2 -> A001 | D4: =IF(ASSIGNMENTS!J2="MISMATCH","Role Mismatch",IF(ASSIGNMENTS!K2="OUT OF RANGE","Date Range Error",IF(AND(ASSIGNMENTS!I2<>0,ASSIGNMENTS!I2<>""),"Hours Gap",""))) | E4: =IF(D4="Role Mismatch","Resource role ≠ task required role",IF(D4="Date Range Error","Assignment week outside task dates",IF(D4="Hours Gap","Task not fully assigned ("&ROUND(ASSIGNMENTS!I2,1)&"h remaining)","")))
A5: 2 | B5: ASSIGNMENTS | C5: =ASSIGNMENTS!A3 -> A002 | D5: =IF(ASSIGNMENTS!J3="MISMATCH","Role Mismatch",IF(ASSIGNMENTS!K3="OUT OF RANGE","Date Range Error",IF(AND(ASSIGNMENTS!I3<>0,ASSIGNMENTS!I3<>""),"Hours Gap",""))) | E5: =IF(D5="Role Mismatch","Resource role ≠ task required role",IF(D5="Date Range Error","Assignment week outside task dates",IF(D5="Hours Gap","Task not fully assigned ("&ROUND(ASSIGNMENTS!I3,1)&"h remaining)","")))
A6: 3 | B6: ASSIGNMENTS | C6: =ASSIGNMENTS!A4 -> A003 | D6: =IF(ASSIGNMENTS!J4="MISMATCH","Role Mismatch",IF(ASSIGNMENTS!K4="OUT OF RANGE","Date Range Error",IF(AND(ASSIGNMENTS!I4<>0,ASSIGNMENTS!I4<>""),"Hours Gap",""))) | E6: =IF(D6="Role Mismatch","Resource role ≠ task required role",IF(D6="Date Range Error","Assignment week outside task dates",IF(D6="Hours Gap","Task not fully assigned ("&ROUND(ASSIGNMENTS!I4,1)&"h remaining)","")))
A7: 4 | B7: ASSIGNMENTS | C7: =ASSIGNMENTS!A5 -> A004 | D7: =IF(ASSIGNMENTS!J5="MISMATCH","Role Mismatch",IF(ASSIGNMENTS!K5="OUT OF RANGE","Date Range Error",IF(AND(ASSIGNMENTS!I5<>0,ASSIGNMENTS!I5<>""),"Hours Gap",""))) | E7: =IF(D7="Role Mismatch","Resource role ≠ task required role",IF(D7="Date Range Error","Assignment week outside task dates",IF(D7="Hours Gap","Task not fully assigned ("&ROUND(ASSIGNMENTS!I5,1)&"h remaining)","")))
A8: 5 | B8: ASSIGNMENTS | C8: =ASSIGNMENTS!A6 -> A005 | D8: =IF(ASSIGNMENTS!J6="MISMATCH","Role Mismatch",IF(ASSIGNMENTS!K6="OUT OF RANGE","Date Range Error",IF(AND(ASSIGNMENTS!I6<>0,ASSIGNMENTS!I6<>""),"Hours Gap",""))) | E8: =IF(D8="Role Mismatch","Resource role ≠ task required role",IF(D8="Date Range Error","Assignment week outside task dates",IF(D8="Hours Gap","Task not fully assigned ("&ROUND(ASSIGNMENTS!I6,1)&"h remaining)","")))
A9: 6 | B9: ASSIGNMENTS | C9: =ASSIGNMENTS!A7 -> A006 | D9: =IF(ASSIGNMENTS!J7="MISMATCH","Role Mismatch",IF(ASSIGNMENTS!K7="OUT OF RANGE","Date Range Error",IF(AND(ASSIGNMENTS!I7<>0,ASSIGNMENTS!I7<>""),"Hours Gap",""))) | E9: =IF(D9="Role Mismatch","Resource role ≠ task required role",IF(D9="Date Range Error","Assignment week outside task dates",IF(D9="Hours Gap","Task not fully assigned ("&ROUND(ASSIGNMENTS!I7,1)&"h remaining)","")))
A10: 7 | B10: ASSIGNMENTS | C10: =ASSIGNMENTS!A8 -> A007 | D10: =IF(ASSIGNMENTS!J8="MISMATCH","Role Mismatch",IF(ASSIGNMENTS!K8="OUT OF RANGE","Date Range Error",IF(AND(ASSIGNMENTS!I8<>0,ASSIGNMENTS!I8<>""),"Hours Gap",""))) | E10: =IF(D10="Role Mismatch","Resource role ≠ task required role",IF(D10="Date Range Error","Assignment week outside task dates",IF(D10="Hours Gap","Task not fully assigned ("&ROUND(ASSIGNMENTS!I8,1)&"h remaining)","")))
A11: 8 | B11: ASSIGNMENTS | C11: =ASSIGNMENTS!A9 -> A008 | D11: =IF(ASSIGNMENTS!J9="MISMATCH","Role Mismatch",IF(ASSIGNMENTS!K9="OUT OF RANGE","Date Range Error",IF(AND(ASSIGNMENTS!I9<>0,ASSIGNMENTS!I9<>""),"Hours Gap",""))) | E11: =IF(D11="Role Mismatch","Resource role ≠ task required role",IF(D11="Date Range Error","Assignment week outside task dates",IF(D11="Hours Gap","Task not fully assigned ("&ROUND(ASSIGNMENTS!I9,1)&"h remaining)","")))
A12: 9 | B12: ASSIGNMENTS | C12: =ASSIGNMENTS!A10 -> A009 | D12: =IF(ASSIGNMENTS!J10="MISMATCH","Role Mismatch",IF(ASSIGNMENTS!K10="OUT OF RANGE","Date Range Error",IF(AND(ASSIGNMENTS!I10<>0,ASSIGNMENTS!I10<>""),"Hours Gap",""))) | E12: =IF(D12="Role Mismatch","Resource role ≠ task required role",IF(D12="Date Range Error","Assignment week outside task dates",IF(D12="Hours Gap","Task not fully assigned ("&ROUND(ASSIGNMENTS!I10,1)&"h remaining)","")))
A13: 10 | B13: ASSIGNMENTS | C13: =ASSIGNMENTS!A11 -> A010 | D13: =IF(ASSIGNMENTS!J11="MISMATCH","Role Mismatch",IF(ASSIGNMENTS!K11="OUT OF RANGE","Date Range Error",IF(AND(ASSIGNMENTS!I11<>0,ASSIGNMENTS!I11<>""),"Hours Gap",""))) | E13: =IF(D13="Role Mismatch","Resource role ≠ task required role",IF(D13="Date Range Error","Assignment week outside task dates",IF(D13="Hours Gap","Task not fully assigned ("&ROUND(ASSIGNMENTS!I11,1)&"h remaining)","")))
A14: 11 | B14: ASSIGNMENTS | C14: =ASSIGNMENTS!A12 -> A011 | D14: =IF(ASSIGNMENTS!J12="MISMATCH","Role Mismatch",IF(ASSIGNMENTS!K12="OUT OF RANGE","Date Range Error",IF(AND(ASSIGNMENTS!I12<>0,ASSIGNMENTS!I12<>""),"Hours Gap",""))) | E14: =IF(D14="Role Mismatch","Resource role ≠ task required role",IF(D14="Date Range Error","Assignment week outside task dates",IF(D14="Hours Gap","Task not fully assigned ("&ROUND(ASSIGNMENTS!I12,1)&"h remaining)","")))
A15: 12 | B15: ASSIGNMENTS | C15: =ASSIGNMENTS!A13 -> A012 | D15: =IF(ASSIGNMENTS!J13="MISMATCH","Role Mismatch",IF(ASSIGNMENTS!K13="OUT OF RANGE","Date Range Error",IF(AND(ASSIGNMENTS!I13<>0,ASSIGNMENTS!I13<>""),"Hours Gap",""))) | E15: =IF(D15="Role Mismatch","Resource role ≠ task required role",IF(D15="Date Range Error","Assignment week outside task dates",IF(D15="Hours Gap","Task not fully assigned ("&ROUND(ASSIGNMENTS!I13,1)&"h remaining)","")))
... A216: 213 | B216: ASSIGNMENTS | C216: =ASSIGNMENTS!A214 -> A213 | D216: =IF(ASSIGNMENTS!J214="MISMATCH","Role Mismatch",IF(ASSIGNMENTS!K214="OUT OF RANGE","Date Range Error",IF(AND(ASSIGNMENTS!I214<>0,ASSIGNMENTS!I214<>""),"Hours Gap",""))) | E216: =IF(D216="Role Mismatch","Resource role ≠ task required role",IF(D216="Date Range Error","Assignment week outside task dates",IF(D216="Hours Gap","Task not fully assigned ("&ROUND(ASSIGNMENTS!I214,1)&"h remaining)","")))
