Workbook

Sheet README
A1: LA DIPERIE — Dual-Location Inventory Optimization Workbook
A3: WHAT THIS WORKBOOK DOES
A4: Coordinates inventory across Oakville and High Park: calculates par levels,
A5: suggests transfers between stores, plans purchases, enforces cash caps in
A6: Low Cash Mode, tracks shared bulk purchases, and settles costs between locations.
A8: ⚠ SIMULATED DATA LOADED
A9: This workbook contains realistic simulated data for all 262 items. Unit costs,
A10: on-hand quantities, and weekly usage are estimates typical of a La Diperie-style
A11: ice cream dip shop. Replace the blue cells with your real numbers over time.
A13: HOW TO USE — 5 STEPS
A14: 1. Review ITEM_MASTER_CLEAN: Simulated costs & on-hand are pre-filled. Update to actuals.
A15: 2. Adjust SETTINGS: Lead time (3d), reorder cycle (7d), safety (3d), category speeds.
... A32: Green background = On-target / healthy

Sheet RAW_IMPORT
A1: Line | B1: Qty | C1: Description | D1: Brand | E1: Format | F1: Code
A2: 5 | C2: 9 CAKE WHITE LAYER 8" 24X354G | D2: RICH | E2: 24X354GM | F2: 62966
A3: 6 | C3: 9 CAKE CHOC LAYER 8" 24X354G | D3: RICH | E3: 24X354GM | F3: 62967
A4: 7 | C4: ICING PRE-WHIPPED VANILLA 6.8K | D4: RICH | E4: 6.8KG | F4: 62963
A5: 8 | C5: LADIP LABEL CHOCOLATE CAKE 1RLX50UN | D5: LA DIPERIE | E5: 1RLX50UN | F5: 22400
A6: 9 | C6: LADIP LABEL BIRTHDAY CAKE 1RLX50UN | D6: LA DIPERIE | E6: 1RLX50UN | F6: 22401
A7: 10 | C7: LADIP LABEL COOKIE & CREAM CAKE 1RL | D7: LA DIPERIE | E7: 1RLX50UN | F7: 22402
A8: 11 | C8: LADIP LABEL SALTD CARAMEL CAKE 1RL | D8: LA DIPERIE | E8: 1RLX50UN | F8: 22406
A9: 12 | C9: LADIP LABEL STRABERRY CAKE 1RLX50UN | D9: LA DIPERIE | E9: 1RLX50UN | F9: 22407
A10: 13 | C10: CAKE CARDBOARD 8" BLCK GOLD 100 | D10: CAPITALE | E10: 100UN | F10: 25800
A11: 14 | C11: ACETATE ROLL 3.5"X1250" 4MM 1RL | D11: CAPITALE | E11: 1RL | F11: 25802
A12: 18 | C12: CAKE CUPCAKE BLACKOUT 8X4UN | D12: COV CAKES | E12: 8X4UN | F12: 19689
A13: 19 | C13: CAKE CUPCAKE RED VELVET 8X4UN | D13: COV CAKES | E13: 8X4UN | F13: 19692
... A263: 626 | C263: LADIP BOX POPCORN 6X2.75X8.5 100 | D263: VIRAGE VER | E263: 100UN | F263: 61804
A266: COLUMN MAPPING
A267: Field | B267: Mapped To
A268: Item/SKU | B268: F (Code) → ITEM_MASTER_CLEAN col B
A269: Category | B269: Derived from section headers
A270: Supplier/Brand | B270: D (Brand)
A271: Unit Cost | B271: ITEM_MASTER_CLEAN col F (simulated)
A272: Case Pack | B272: ITEM_MASTER_CLEAN col G (parsed from Format)
A273: On-Hand Oakville | B273: ITEM_MASTER_CLEAN col H (simulated)
A274: On-Hand High Park | B274: ITEM_MASTER_CLEAN col I (simulated)
A275: Usage Oakville | B275: DEMAND_MODEL col E (simulated)
A276: Usage High Park | B276: DEMAND_MODEL col F (simulated)

Sheet SETTINGS
A1: OPERATIONAL SETTINGS
A2: Setting | B2: Value | C2: Unit
A3: Lead Time | B3: 3 | C3: days
A4: Reorder Cycle | B4: 7 | C4: days
A5: Safety Stock Days | B5: 3 | C5: days
A6: Low Cash Mode | B6: OFF | C6: ON/OFF
A7: Purchase Cash Cap | B7: 2000 | C7: $
A8: Transfer Min Threshold | B8: 5 | C8: units
A9: Slow Mover Max Par Cap | B9: 20 | C9: units
A12: CATEGORY SPEED STRATEGY
A13: Speed | B13: Coverage Target (days) | C13: Default Weekly Usage (units)
A14: Fast | B14: 21 | C14: 15
A15: Medium | B15: 14 | C15: 8
A16: Slow | B16: 10 | C16: 3
A18: CATEGORY-TO-SPEED MAPPING
A19: Category | B19: Speed
A20: BARRES DESSERT NON-LATIERE | B20: Slow
A21: BASE POUR SLUSH | B21: Medium
A22: BEIGNES/REMPLISSAGE/GARNITURES | B22: Medium
A23: BEVERAGES | B23: Fast
A24: BISCUITS & PATE A BISCUITS | B24: Fast
A25: BREUVAGES D'ETE -SUMMER DRINKS | B25: Medium
A26: CORNET / CONE | B26: Fast
A27: CREME GLACEE DUR & SORBETS 11.4L | B27: Fast
A28: DESSERTS | B28: Medium
A29: DIPS / TREMPETTES | B29: Fast
A30: DIVERSEY CLEANING | B30: Slow
... A41: TOPPINGS / GARNITURES | B41: Fast

Sheet ITEM_MASTER_CLEAN
A1: # | B1: Code | C1: Description | D1: Category | E1: Brand/Supplier | F1: Unit Cost ($) | G1: Case Pack | H1: On-Hand OAK | I1: On-Hand HP | J1: Flag: Missing Cost | K1: Flag: Missing Pack | L1: Flag: Missing Cat | M1: Flag: Duplicate
A2: 1 | B2: 62966 | C2: 9 CAKE WHITE LAYER 8" 24X354G | D2: GATEAUX & TARTES CREME GLACEE | E2: RICH | F2: 60.84 | G2: 24 | H2: 1 | I2: 5 | J2: =IF(F2=0,"MISSING","") | K2: =IF(G2<=0,"MISSING","") | L2: =IF(D2="","MISSING","") | M2: =IF(COUNTIF(B$2:B$263,B2)>1,"DUPLICATE","")
A3: 2 | B3: 62967 | C3: 9 CAKE CHOC LAYER 8" 24X354G | D3: GATEAUX & TARTES CREME GLACEE | E3: RICH | F3: 23.82 | G3: 24 | H3: 11 | I3: 0 | J3: =IF(F3=0,"MISSING","") | K3: =IF(G3<=0,"MISSING","") | L3: =IF(D3="","MISSING","") | M3: =IF(COUNTIF(B$2:B$263,B3)>1,"DUPLICATE","")
A4: 3 | B4: 62963 | C4: ICING PRE-WHIPPED VANILLA 6.8K | D4: GATEAUX & TARTES CREME GLACEE | E4: RICH | F4: 54.51 | G4: 1 | H4: 9 | I4: 6 | J4: =IF(F4=0,"MISSING","") | K4: =IF(G4<=0,"MISSING","") | L4: =IF(D4="","MISSING","") | M4: =IF(COUNTIF(B$2:B$263,B4)>1,"DUPLICATE","")
A5: 4 | B5: 22400 | C5: LADIP LABEL CHOCOLATE CAKE 1RLX50UN | D5: GATEAUX & TARTES CREME GLACEE | E5: LA DIPERIE | F5: 19.55 | G5: 1 | H5: 4 | I5: 1 | J5: =IF(F5=0,"MISSING","") | K5: =IF(G5<=0,"MISSING","") | L5: =IF(D5="","MISSING","") | M5: =IF(COUNTIF(B$2:B$263,B5)>1,"DUPLICATE","")
A6: 5 | B6: 22401 | C6: LADIP LABEL BIRTHDAY CAKE 1RLX50UN | D6: GATEAUX & TARTES CREME GLACEE | E6: LA DIPERIE | F6: 23.36 | G6: 1 | H6: 18 | I6: 4 | J6: =IF(F6=0,"MISSING","") | K6: =IF(G6<=0,"MISSING","") | L6: =IF(D6="","MISSING","") | M6: =IF(COUNTIF(B$2:B$263,B6)>1,"DUPLICATE","")
A7: 6 | B7: 22402 | C7: LADIP LABEL COOKIE & CREAM CAKE 1RL | D7: GATEAUX & TARTES CREME GLACEE | E7: LA DIPERIE | F7: 18.46 | G7: 1 | H7: 3 | I7: 3 | J7: =IF(F7=0,"MISSING","") | K7: =IF(G7<=0,"MISSING","") | L7: =IF(D7="","MISSING","") | M7: =IF(COUNTIF(B$2:B$263,B7)>1,"DUPLICATE","")
A8: 7 | B8: 22406 | C8: LADIP LABEL SALTD CARAMEL CAKE 1RL | D8: GATEAUX & TARTES CREME GLACEE | E8: LA DIPERIE | F8: 19.63 | G8: 1 | H8: 10 | I8: 0 | J8: =IF(F8=0,"MISSING","") | K8: =IF(G8<=0,"MISSING","") | L8: =IF(D8="","MISSING","") | M8: =IF(COUNTIF(B$2:B$263,B8)>1,"DUPLICATE","")
A9: 8 | B9: 22407 | C9: LADIP LABEL STRABERRY CAKE 1RLX50UN | D9: GATEAUX & TARTES CREME GLACEE | E9: LA DIPERIE | F9: 22.62 | G9: 1 | H9: 1 | I9: 11 | J9: =IF(F9=0,"MISSING","") | K9: =IF(G9<=0,"MISSING","") | L9: =IF(D9="","MISSING","") | M9: =IF(COUNTIF(B$2:B$263,B9)>1,"DUPLICATE","")
A10: 9 | B10: 25800 | C10: CAKE CARDBOARD 8" BLCK GOLD 100 | D10: GATEAUX & TARTES CREME GLACEE | E10: CAPITALE | F10: 15.99 | G10: 1 | H10: 11 | I10: 4 | J10: =IF(F10=0,"MISSING","") | K10: =IF(G10<=0,"MISSING","") | L10: =IF(D10="","MISSING","") | M10: =IF(COUNTIF(B$2:B$263,B10)>1,"DUPLICATE","")
A11: 10 | B11: 25802 | C11: ACETATE ROLL 3.5"X1250" 4MM 1RL | D11: GATEAUX & TARTES CREME GLACEE | E11: CAPITALE | F11: 23.42 | G11: 1 | H11: 14 | I11: 11 | J11: =IF(F11=0,"MISSING","") | K11: =IF(G11<=0,"MISSING","") | L11: =IF(D11="","MISSING","") | M11: =IF(COUNTIF(B$2:B$263,B11)>1,"DUPLICATE","")
A12: 11 | B12: 19689 | C12: CAKE CUPCAKE BLACKOUT 8X4UN | D12: GATEAUX FROMAGE & CUPCAKES | E12: COV CAKES | F12: 13.82 | G12: 8 | H12: 1 | I12: 1 | J12: =IF(F12=0,"MISSING","") | K12: =IF(G12<=0,"MISSING","") | L12: =IF(D12="","MISSING","") | M12: =IF(COUNTIF(B$2:B$263,B12)>1,"DUPLICATE","")
A13: 12 | B13: 19692 | C13: CAKE CUPCAKE RED VELVET 8X4UN | D13: GATEAUX FROMAGE & CUPCAKES | E13: COV CAKES | F13: 21.36 | G13: 8 | H13: 6 | I13: 4 | J13: =IF(F13=0,"MISSING","") | K13: =IF(G13<=0,"MISSING","") | L13: =IF(D13="","MISSING","") | M13: =IF(COUNTIF(B$2:B$263,B13)>1,"DUPLICATE","")
... A263: 262 | B263: 61804 | C263: LADIP BOX POPCORN 6X2.75X8.5 100 | D263: POPCORN & PACKAGING | E263: VIRAGE VER | F263: 16.46 | G263: 1 | H263: 1 | I263: 1 | J263: =IF(F263=0,"MISSING","") | K263: =IF(G263<=0,"MISSING","") | L263: =IF(D263="","MISSING","") | M263: =IF(COUNTIF(B$2:B$263,B263)>1,"DUPLICATE","")

Sheet DEMAND_MODEL
A1: # | B1: Code | C1: Description | D1: Category | E1: Weekly Usage OAK (override) | F1: Weekly Usage HP (override) | G1: Category Speed | H1: Category Default Wkly | I1: Effective Wkly OAK | J1: Effective Wkly HP | K1: Avg Daily OAK | L1: Avg Daily HP
A2: =ITEM_MASTER_CLEAN!A2 -> 1 | B2: =ITEM_MASTER_CLEAN!B2 -> 62966 | C2: =ITEM_MASTER_CLEAN!C2 -> 9 CAKE WHITE LAYER 8" 24X354G | D2: =ITEM_MASTER_CLEAN!D2 -> GATEAUX & TARTES CREME GLACEE | E2: 1 | F2: 3 | G2: =IFERROR(VLOOKUP(D2,SETTINGS!A20:B41,2,FALSE()),"Medium") -> Medium | H2: =IFERROR(VLOOKUP(G2,SETTINGS!A14:C16,3,FALSE()),5) -> 8 | I2: =IF(E2>0,E2,H2) -> 1 | J2: =IF(F2>0,F2,H2) -> 3 | K2: =I2/7 -> 0.14285714 | L2: =J2/7 -> 0.42857143
A3: =ITEM_MASTER_CLEAN!A3 -> 2 | B3: =ITEM_MASTER_CLEAN!B3 -> 62967 | C3: =ITEM_MASTER_CLEAN!C3 -> 9 CAKE CHOC LAYER 8" 24X354G | D3: =ITEM_MASTER_CLEAN!D3 -> GATEAUX & TARTES CREME GLACEE | E3: 4 | F3: 1 | G3: =IFERROR(VLOOKUP(D3,SETTINGS!A20:B41,2,FALSE()),"Medium") -> Medium | H3: =IFERROR(VLOOKUP(G3,SETTINGS!A14:C16,3,FALSE()),5) -> 8 | I3: =IF(E3>0,E3,H3) -> 4 | J3: =IF(F3>0,F3,H3) -> 1 | K3: =I3/7 -> 0.57142857 | L3: =J3/7 -> 0.14285714
A4: =ITEM_MASTER_CLEAN!A4 -> 3 | B4: =ITEM_MASTER_CLEAN!B4 -> 62963 | C4: =ITEM_MASTER_CLEAN!C4 -> ICING PRE-WHIPPED VANILLA 6.8K | D4: =ITEM_MASTER_CLEAN!D4 -> GATEAUX & TARTES CREME GLACEE | E4: 2 | F4: 2 | G4: =IFERROR(VLOOKUP(D4,SETTINGS!A20:B41,2,FALSE()),"Medium") -> Medium | H4: =IFERROR(VLOOKUP(G4,SETTINGS!A14:C16,3,FALSE()),5) -> 8 | I4: =IF(E4>0,E4,H4) -> 2 | J4: =IF(F4>0,F4,H4) -> 2 | K4: =I4/7 -> 0.28571429 | L4: =J4/7 -> 0.28571429
A5: =ITEM_MASTER_CLEAN!A5 -> 4 | B5: =ITEM_MASTER_CLEAN!B5 -> 22400 | C5: =ITEM_MASTER_CLEAN!C5 -> LADIP LABEL CHOCOLATE CAKE 1RLX50UN | D5: =ITEM_MASTER_CLEAN!D5 -> GATEAUX & TARTES CREME GLACEE | E5: 3 | F5: 1 | G5: =IFERROR(VLOOKUP(D5,SETTINGS!A20:B41,2,FALSE()),"Medium") -> Medium | H5: =IFERROR(VLOOKUP(G5,SETTINGS!A14:C16,3,FALSE()),5) -> 8 | I5: =IF(E5>0,E5,H5) -> 3 | J5: =IF(F5>0,F5,H5) -> 1 | K5: =I5/7 -> 0.42857143 | L5: =J5/7 -> 0.14285714
A6: =ITEM_MASTER_CLEAN!A6 -> 5 | B6: =ITEM_MASTER_CLEAN!B6 -> 22401 | C6: =ITEM_MASTER_CLEAN!C6 -> LADIP LABEL BIRTHDAY CAKE 1RLX50UN | D6: =ITEM_MASTER_CLEAN!D6 -> GATEAUX & TARTES CREME GLACEE | E6: 4 | F6: 1 | G6: =IFERROR(VLOOKUP(D6,SETTINGS!A20:B41,2,FALSE()),"Medium") -> Medium | H6: =IFERROR(VLOOKUP(G6,SETTINGS!A14:C16,3,FALSE()),5) -> 8 | I6: =IF(E6>0,E6,H6) -> 4 | J6: =IF(F6>0,F6,H6) -> 1 | K6: =I6/7 -> 0.57142857 | L6: =J6/7 -> 0.14285714
A7: =ITEM_MASTER_CLEAN!A7 -> 6 | B7: =ITEM_MASTER_CLEAN!B7 -> 22402 | C7: =ITEM_MASTER_CLEAN!C7 -> LADIP LABEL COOKIE & CREAM CAKE 1RL | D7: =ITEM_MASTER_CLEAN!D7 -> GATEAUX & TARTES CREME GLACEE | E7: 2 | F7: 2 | G7: =IFERROR(VLOOKUP(D7,SETTINGS!A20:B41,2,FALSE()),"Medium") -> Medium | H7: =IFERROR(VLOOKUP(G7,SETTINGS!A14:C16,3,FALSE()),5) -> 8 | I7: =IF(E7>0,E7,H7) -> 2 | J7: =IF(F7>0,F7,H7) -> 2 | K7: =I7/7 -> 0.28571429 | L7: =J7/7 -> 0.28571429
A8: =ITEM_MASTER_CLEAN!A8 -> 7 | B8: =ITEM_MASTER_CLEAN!B8 -> 22406 | C8: =ITEM_MASTER_CLEAN!C8 -> LADIP LABEL SALTD CARAMEL CAKE 1RL | D8: =ITEM_MASTER_CLEAN!D8 -> GATEAUX & TARTES CREME GLACEE | E8: 3 | F8: 1 | G8: =IFERROR(VLOOKUP(D8,SETTINGS!A20:B41,2,FALSE()),"Medium") -> Medium | H8: =IFERROR(VLOOKUP(G8,SETTINGS!A14:C16,3,FALSE()),5) -> 8 | I8: =IF(E8>0,E8,H8) -> 3 | J8: =IF(F8>0,F8,H8) -> 1 | K8: =I8/7 -> 0.42857143 | L8: =J8/7 -> 0.14285714
A9: =ITEM_MASTER_CLEAN!A9 -> 8 | B9: =ITEM_MASTER_CLEAN!B9 -> 22407 | C9: =ITEM_MASTER_CLEAN!C9 -> LADIP LABEL STRABERRY CAKE 1RLX50UN | D9: =ITEM_MASTER_CLEAN!D9 -> GATEAUX & TARTES CREME GLACEE | E9: 3 | F9: 3 | G9: =IFERROR(VLOOKUP(D9,SETTINGS!A20:B41,2,FALSE()),"Medium") -> Medium | H9: =IFERROR(VLOOKUP(G9,SETTINGS!A14:C16,3,FALSE()),5) -> 8 | I9: =IF(E9>0,E9,H9) -> 3 | J9: =IF(F9>0,F9,H9) -> 3 | K9: =I9/7 -> 0.42857143 | L9: =J9/7 -> 0.42857143
A10: =ITEM_MASTER_CLEAN!A10 -> 9 | B10: =ITEM_MASTER_CLEAN!B10 -> 25800 | C10: =ITEM_MASTER_CLEAN!C10 -> CAKE CARDBOARD 8" BLCK GOLD 100 | D10: =ITEM_MASTER_CLEAN!D10 -> GATEAUX & TARTES CREME GLACEE | E10: 3 | F10: 1 | G10: =IFERROR(VLOOKUP(D10,SETTINGS!A20:B41,2,FALSE()),"Medium") -> Medium | H10: =IFERROR(VLOOKUP(G10,SETTINGS!A14:C16,3,FALSE()),5) -> 8 | I10: =IF(E10>0,E10,H10) -> 3 | J10: =IF(F10>0,F10,H10) -> 1 | K10: =I10/7 -> 0.42857143 | L10: =J10/7 -> 0.14285714
A11: =ITEM_MASTER_CLEAN!A11 -> 10 | B11: =ITEM_MASTER_CLEAN!B11 -> 25802 | C11: =ITEM_MASTER_CLEAN!C11 -> ACETATE ROLL 3.5"X1250" 4MM 1RL | D11: =ITEM_MASTER_CLEAN!D11 -> GATEAUX & TARTES CREME GLACEE | E11: 3 | F11: 3 | G11: =IFERROR(VLOOKUP(D11,SETTINGS!A20:B41,2,FALSE()),"Medium") -> Medium | H11: =IFERROR(VLOOKUP(G11,SETTINGS!A14:C16,3,FALSE()),5) -> 8 | I11: =IF(E11>0,E11,H11) -> 3 | J11: =IF(F11>0,F11,H11) -> 3 | K11: =I11/7 -> 0.42857143 | L11: =J11/7 -> 0.42857143
A12: =ITEM_MASTER_CLEAN!A12 -> 11 | B12: =ITEM_MASTER_CLEAN!B12 -> 19689 | C12: =ITEM_MASTER_CLEAN!C12 -> CAKE CUPCAKE BLACKOUT 8X4UN | D12: =ITEM_MASTER_CLEAN!D12 -> GATEAUX FROMAGE & CUPCAKES | E12: 1 | F12: 1 | G12: =IFERROR(VLOOKUP(D12,SETTINGS!A20:B41,2,FALSE()),"Medium") -> Medium | H12: =IFERROR(VLOOKUP(G12,SETTINGS!A14:C16,3,FALSE()),5) -> 8 | I12: =IF(E12>0,E12,H12) -> 1 | J12: =IF(F12>0,F12,H12) -> 1 | K12: =I12/7 -> 0.14285714 | L12: =J12/7 -> 0.14285714
A13: =ITEM_MASTER_CLEAN!A13 -> 12 | B13: =ITEM_MASTER_CLEAN!B13 -> 19692 | C13: =ITEM_MASTER_CLEAN!C13 -> CAKE CUPCAKE RED VELVET 8X4UN | D13: =ITEM_MASTER_CLEAN!D13 -> GATEAUX FROMAGE & CUPCAKES | E13: 2 | F13: 1 | G13: =IFERROR(VLOOKUP(D13,SETTINGS!A20:B41,2,FALSE()),"Medium") -> Medium | H13: =IFERROR(VLOOKUP(G13,SETTINGS!A14:C16,3,FALSE()),5) -> 8 | I13: =IF(E13>0,E13,H13) -> 2 | J13: =IF(F13>0,F13,H13) -> 1 | K13: =I13/7 -> 0.28571429 | L13: =J13/7 -> 0.14285714
A14: =ITEM_MASTER_CLEAN!A14 -> 13 | B14: =ITEM_MASTER_CLEAN!B14 -> 19693 | C14: =ITEM_MASTER_CLEAN!C14 -> CAKE CUPCAKE VANILLA BEAN 8X4UN | D14: =ITEM_MASTER_CLEAN!D14 -> GATEAUX FROMAGE & CUPCAKES | E14: 1 | F14: 2 | G14: =IFERROR(VLOOKUP(D14,SETTINGS!A20:B41,2,FALSE()),"Medium") -> Medium | H14: =IFERROR(VLOOKUP(G14,SETTINGS!A14:C16,3,FALSE()),5) -> 8 | I14: =IF(E14>0,E14,H14) -> 1 | J14: =IF(F14>0,F14,H14) -> 2 | K14: =I14/7 -> 0.14285714 | L14: =J14/7 -> 0.28571429
A15: =ITEM_MASTER_CLEAN!A15 -> 14 | B15: =ITEM_MASTER_CLEAN!B15 -> 19688 | C15: =ITEM_MASTER_CLEAN!C15 -> CAKE CHEESE ORIGINAL 6X6" | D15: =ITEM_MASTER_CLEAN!D15 -> GATEAUX FROMAGE & CUPCAKES | E15: 1 | F15: 2 | G15: =IFERROR(VLOOKUP(D15,SETTINGS!A20:B41,2,FALSE()),"Medium") -> Medium | H15: =IFERROR(VLOOKUP(G15,SETTINGS!A14:C16,3,FALSE()),5) -> 8 | I15: =IF(E15>0,E15,H15) -> 1 | J15: =IF(F15>0,F15,H15) -> 2 | K15: =I15/7 -> 0.14285714 | L15: =J15/7 -> 0.28571429
A16: =ITEM_MASTER_CLEAN!A16 -> 15 | B16: =ITEM_MASTER_CLEAN!B16 -> 19687 | C16: =ITEM_MASTER_CLEAN!C16 -> CAKE CHEESE WHT CHOC/RASP 6X6" | D16: =ITEM_MASTER_CLEAN!D16 -> GATEAUX FROMAGE & CUPCAKES | E16: 3 | F16: 2 | G16: =IFERROR(VLOOKUP(D16,SETTINGS!A20:B41,2,FALSE()),"Medium") -> Medium | H16: =IFERROR(VLOOKUP(G16,SETTINGS!A14:C16,3,FALSE()),5) -> 8 | I16: =IF(E16>0,E16,H16) -> 3 | J16: =IF(F16>0,F16,H16) -> 2 | K16: =I16/7 -> 0.42857143 | L16: =J16/7 -> 0.28571429
A17: =ITEM_MASTER_CLEAN!A17 -> 16 | B17: =ITEM_MASTER_CLEAN!B17 -> 19685 | C17: =ITEM_MASTER_CLEAN!C17 -> CAKE CHEESE CHOC MOUSSE 6X6" | D17: =ITEM_MASTER_CLEAN!D17 -> GATEAUX FROMAGE & CUPCAKES | E17: 1 | F17: 1 | G17: =IFERROR(VLOOKUP(D17,SETTINGS!A20:B41,2,FALSE()),"Medium") -> Medium | H17: =IFERROR(VLOOKUP(G17,SETTINGS!A14:C16,3,FALSE()),5) -> 8 | I17: =IF(E17>0,E17,H17) -> 1 | J17: =IF(F17>0,F17,H17) -> 1 | K17: =I17/7 -> 0.14285714 | L17: =J17/7 -> 0.14285714
A18: =ITEM_MASTER_CLEAN!A18 -> 17 | B18: =ITEM_MASTER_CLEAN!B18 -> 19628 | C18: =ITEM_MASTER_CLEAN!C18 -> CAKE CHEESE CAKE FACTORY 2X14UN | D18: =ITEM_MASTER_CLEAN!D18 -> GATEAUX FROMAGE & CUPCAKES | E18: 2 | F18: 1 | G18: =IFERROR(VLOOKUP(D18,SETTINGS!A20:B41,2,FALSE()),"Medium") -> Medium | H18: =IFERROR(VLOOKUP(G18,SETTINGS!A14:C16,3,FALSE()),5) -> 8 | I18: =IF(E18>0,E18,H18) -> 2 | J18: =IF(F18>0,F18,H18) -> 1 | K18: =I18/7 -> 0.28571429 | L18: =J18/7 -> 0.14285714
A19: =ITEM_MASTER_CLEAN!A19 -> 18 | B19: =ITEM_MASTER_CLEAN!B19 -> 16992 | C19: =ITEM_MASTER_CLEAN!C19 -> CAKE CHEESE MANGO LIME X2 | D19: =ITEM_MASTER_CLEAN!D19 -> GATEAUX FROMAGE & CUPCAKES | E19: 1 | F19: 2 | G19: =IFERROR(VLOOKUP(D19,SETTINGS!A20:B41,2,FALSE()),"Medium") -> Medium | H19: =IFERROR(VLOOKUP(G19,SETTINGS!A14:C16,3,FALSE()),5) -> 8 | I19: =IF(E19>0,E19,H19) -> 1 | J19: =IF(F19>0,F19,H19) -> 2 | K19: =I19/7 -> 0.14285714 | L19: =J19/7 -> 0.28571429
A20: =ITEM_MASTER_CLEAN!A20 -> 19 | B20: =ITEM_MASTER_CLEAN!B20 -> 16995 | C20: =ITEM_MASTER_CLEAN!C20 -> CAKE CHEESE CINNABON X2 | D20: =ITEM_MASTER_CLEAN!D20 -> GATEAUX FROMAGE & CUPCAKES | E20: 1 | F20: 2 | G20: =IFERROR(VLOOKUP(D20,SETTINGS!A20:B41,2,FALSE()),"Medium") -> Medium | H20: =IFERROR(VLOOKUP(G20,SETTINGS!A14:C16,3,FALSE()),5) -> 8 | I20: =IF(E20>0,E20,H20) -> 1 | J20: =IF(F20>0,F20,H20) -> 2 | K20: =I20/7 -> 0.14285714 | L20: =J20/7 -> 0.28571429
A21: =ITEM_MASTER_CLEAN!A21 -> 20 | B21: =ITEM_MASTER_CLEAN!B21 -> 19629 | C21: =ITEM_MASTER_CLEAN!C21 -> CAKE GODIVA DBL CHOC CHEESE 2X28PC | D21: =ITEM_MASTER_CLEAN!D21 -> GATEAUX FROMAGE & CUPCAKES | E21: 1 | F21: 2 | G21: =IFERROR(VLOOKUP(D21,SETTINGS!A20:B41,2,FALSE()),"Medium") -> Medium | H21: =IFERROR(VLOOKUP(G21,SETTINGS!A14:C16,3,FALSE()),5) -> 8 | I21: =IF(E21>0,E21,H21) -> 1 | J21: =IF(F21>0,F21,H21) -> 2 | K21: =I21/7 -> 0.14285714 | L21: =J21/7 -> 0.28571429
A22: =ITEM_MASTER_CLEAN!A22 -> 21 | B22: =ITEM_MASTER_CLEAN!B22 -> 16993 | C22: =ITEM_MASTER_CLEAN!C22 -> CAKE CHEESE OREO X2 | D22: =ITEM_MASTER_CLEAN!D22 -> GATEAUX FROMAGE & CUPCAKES | E22: 2 | F22: 2 | G22: =IFERROR(VLOOKUP(D22,SETTINGS!A20:B41,2,FALSE()),"Medium") -> Medium | H22: =IFERROR(VLOOKUP(G22,SETTINGS!A14:C16,3,FALSE()),5) -> 8 | I22: =IF(E22>0,E22,H22) -> 2 | J22: =IF(F22>0,F22,H22) -> 2 | K22: =I22/7 -> 0.28571429 | L22: =J22/7 -> 0.28571429
A23: =ITEM_MASTER_CLEAN!A23 -> 22 | B23: =ITEM_MASTER_CLEAN!B23 -> 16988 | C23: =ITEM_MASTER_CLEAN!C23 -> CAKE CHEESE BANANA FOSTER X2 | D23: =ITEM_MASTER_CLEAN!D23 -> GATEAUX FROMAGE & CUPCAKES | E23: 3 | F23: 1 | G23: =IFERROR(VLOOKUP(D23,SETTINGS!A20:B41,2,FALSE()),"Medium") -> Medium | H23: =IFERROR(VLOOKUP(G23,SETTINGS!A14:C16,3,FALSE()),5) -> 8 | I23: =IF(E23>0,E23,H23) -> 3 | J23: =IF(F23>0,F23,H23) -> 1 | K23: =I23/7 -> 0.42857143 | L23: =J23/7 -> 0.14285714
A24: =ITEM_MASTER_CLEAN!A24 -> 23 | B24: =ITEM_MASTER_CLEAN!B24 -> 16987 | C24: =ITEM_MASTER_CLEAN!C24 -> CAKE CHEESE WILD STRWBERRY X2 | D24: =ITEM_MASTER_CLEAN!D24 -> GATEAUX FROMAGE & CUPCAKES | E24: 1 | F24: 2 | G24: =IFERROR(VLOOKUP(D24,SETTINGS!A20:B41,2,FALSE()),"Medium") -> Medium | H24: =IFERROR(VLOOKUP(G24,SETTINGS!A14:C16,3,FALSE()),5) -> 8 | I24: =IF(E24>0,E24,H24) -> 1 | J24: =IF(F24>0,F24,H24) -> 2 | K24: =I24/7 -> 0.14285714 | L24: =J24/7 -> 0.28571429
A25: =ITEM_MASTER_CLEAN!A25 -> 24 | B25: =ITEM_MASTER_CLEAN!B25 -> 16994 | C25: =ITEM_MASTER_CLEAN!C25 -> CAKE CHEESE DULCE DE LECHE X2 | D25: =ITEM_MASTER_CLEAN!D25 -> GATEAUX FROMAGE & CUPCAKES | E25: 3 | F25: 1 | G25: =IFERROR(VLOOKUP(D25,SETTINGS!A20:B41,2,FALSE()),"Medium") -> Medium | H25: =IFERROR(VLOOKUP(G25,SETTINGS!A14:C16,3,FALSE()),5) -> 8 | I25: =IF(E25>0,E25,H25) -> 3 | J25: =IF(F25>0,F25,H25) -> 1 | K25: =I25/7 -> 0.42857143 | L25: =J25/7 -> 0.14285714
A26: =ITEM_MASTER_CLEAN!A26 -> 25 | B26: =ITEM_MASTER_CLEAN!B26 -> 19694 | C26: =ITEM_MASTER_CLEAN!C26 -> CAKE REESE P.BUTTER CHOC 2X28PC | D26: =ITEM_MASTER_CLEAN!D26 -> GATEAUX FROMAGE & CUPCAKES | E26: 1 | F26: 1 | G26: =IFERROR(VLOOKUP(D26,SETTINGS!A20:B41,2,FALSE()),"Medium") -> Medium | H26: =IFERROR(VLOOKUP(G26,SETTINGS!A14:C16,3,FALSE()),5) -> 8 | I26: =IF(E26>0,E26,H26) -> 1 | J26: =IF(F26>0,F26,H26) -> 1 | K26: =I26/7 -> 0.14285714 | L26: =J26/7 -> 0.14285714
A27: =ITEM_MASTER_CLEAN!A27 -> 26 | B27: =ITEM_MASTER_CLEAN!B27 -> 16991 | C27: =ITEM_MASTER_CLEAN!C27 -> CAKE CHEESE RED VELVET X2 | D27: =ITEM_MASTER_CLEAN!D27 -> GATEAUX FROMAGE & CUPCAKES | E27: 3 | F27: 2 | G27: =IFERROR(VLOOKUP(D27,SETTINGS!A20:B41,2,FALSE()),"Medium") -> Medium | H27: =IFERROR(VLOOKUP(G27,SETTINGS!A14:C16,3,FALSE()),5) -> 8 | I27: =IF(E27>0,E27,H27) -> 3 | J27: =IF(F27>0,F27,H27) -> 2 | K27: =I27/7 -> 0.42857143 | L27: =J27/7 -> 0.28571429
A28: =ITEM_MASTER_CLEAN!A28 -> 27 | B28: =ITEM_MASTER_CLEAN!B28 -> 16989 | C28: =ITEM_MASTER_CLEAN!C28 -> CAKE CHEESE TUXEDO MOUSSE X2 | D28: =ITEM_MASTER_CLEAN!D28 -> GATEAUX FROMAGE & CUPCAKES | E28: 1 | F28: 1 | G28: =IFERROR(VLOOKUP(D28,SETTINGS!A20:B41,2,FALSE()),"Medium") -> Medium | H28: =IFERROR(VLOOKUP(G28,SETTINGS!A14:C16,3,FALSE()),5) -> 8 | I28: =IF(E28>0,E28,H28) -> 1 | J28: =IF(F28>0,F28,H28) -> 1 | K28: =I28/7 -> 0.14285714 | L28: =J28/7 -> 0.14285714
A29: =ITEM_MASTER_CLEAN!A29 -> 28 | B29: =ITEM_MASTER_CLEAN!B29 -> 19630 | C29: =ITEM_MASTER_CLEAN!C29 -> CAKE WHITE CHOC RSPBRY CHEESE X2 | D29: =ITEM_MASTER_CLEAN!D29 -> GATEAUX FROMAGE & CUPCAKES | E29: 3 | F29: 1 | G29: =IFERROR(VLOOKUP(D29,SETTINGS!A20:B41,2,FALSE()),"Medium") -> Medium | H29: =IFERROR(VLOOKUP(G29,SETTINGS!A14:C16,3,FALSE()),5) -> 8 | I29: =IF(E29>0,E29,H29) -> 3 | J29: =IF(F29>0,F29,H29) -> 1 | K29: =I29/7 -> 0.42857143 | L29: =J29/7 -> 0.14285714
A30: =ITEM_MASTER_CLEAN!A30 -> 29 | B30: =ITEM_MASTER_CLEAN!B30 -> 44985 | C30: =ITEM_MASTER_CLEAN!C30 -> BISC DOUGH OREO V-VIT0013V 5K | D30: =ITEM_MASTER_CLEAN!D30 -> BISCUITS & PATE A BISCUITS | E30: 6 | F30: 1 | G30: =IFERROR(VLOOKUP(D30,SETTINGS!A20:B41,2,FALSE()),"Medium") -> Fast | H30: =IFERROR(VLOOKUP(G30,SETTINGS!A14:C16,3,FALSE()),5) -> 15 | I30: =IF(E30>0,E30,H30) -> 6 | J30: =IF(F30>0,F30,H30) -> 1 | K30: =I30/7 -> 0.85714286 | L30: =J30/7 -> 0.14285714
A31: =ITEM_MASTER_CLEAN!A31 -> 30 | B31: =ITEM_MASTER_CLEAN!B31 -> 44961 | C31: =ITEM_MASTER_CLEAN!C31 -> BISC DOUGH BLK CHOCO MED SWEET 5K | D31: =ITEM_MASTER_CLEAN!D31 -> BISCUITS & PATE A BISCUITS | E31: 3 | F31: 3 | G31: =IFERROR(VLOOKUP(D31,SETTINGS!A20:B41,2,FALSE()),"Medium") -> Fast | H31: =IFERROR(VLOOKUP(G31,SETTINGS!A14:C16,3,FALSE()),5) -> 15 | I31: =IF(E31>0,E31,H31) -> 3 | J31: =IF(F31>0,F31,H31) -> 3 | K31: =I31/7 -> 0.42857143 | L31: =J31/7 -> 0.42857143
A32: =ITEM_MASTER_CLEAN!A32 -> 31 | B32: =ITEM_MASTER_CLEAN!B32 -> 44962 | C32: =ITEM_MASTER_CLEAN!C32 -> BISC DOUGH DBL CHOCO PAIL 5K | D32: =ITEM_MASTER_CLEAN!D32 -> BISCUITS & PATE A BISCUITS | E32: 6 | F32: 1 | G32: =IFERROR(VLOOKUP(D32,SETTINGS!A20:B41,2,FALSE()),"Medium") -> Fast | H32: =IFERROR(VLOOKUP(G32,SETTINGS!A14:C16,3,FALSE()),5) -> 15 | I32: =IF(E32>0,E32,H32) -> 6 | J32: =IF(F32>0,F32,H32) -> 1 | K32: =I32/7 -> 0.85714286 | L32: =J32/7 -> 0.14285714
A33: =ITEM_MASTER_CLEAN!A33 -> 32 | B33: =ITEM_MASTER_CLEAN!B33 -> 63927 | C33: =ITEM_MASTER_CLEAN!C33 -> Bisc PUCK Dbl Choc 160x2oz | D33: =ITEM_MASTER_CLEAN!D33 -> BISCUITS & PATE A BISCUITS | E33: 4 | F33: 3 | G33: =IFERROR(VLOOKUP(D33,SETTINGS!A20:B41,2,FALSE()),"Medium") -> Fast | H33: =IFERROR(VLOOKUP(G33,SETTINGS!A14:C16,3,FALSE()),5) -> 15 | I33: =IF(E33>0,E33,H33) -> 4 | J33: =IF(F33>0,F33,H33) -> 3 | K33: =I33/7 -> 0.57142857 | L33: =J33/7 -> 0.42857143
A34: =ITEM_MASTER_CLEAN!A34 -> 33 | B34: =ITEM_MASTER_CLEAN!B34 -> 64106 | C34: =ITEM_MASTER_CLEAN!C34 -> Bisc PUCK ChocBln/Maca 160x2oz | D34: =ITEM_MASTER_CLEAN!D34 -> BISCUITS & PATE A BISCUITS | E34: 2 | F34: 3 | G34: =IFERROR(VLOOKUP(D34,SETTINGS!A20:B41,2,FALSE()),"Medium") -> Fast | H34: =IFERROR(VLOOKUP(G34,SETTINGS!A14:C16,3,FALSE()),5) -> 15 | I34: =IF(E34>0,E34,H34) -> 2 | J34: =IF(F34>0,F34,H34) -> 3 | K34: =I34/7 -> 0.28571429 | L34: =J34/7 -> 0.42857143
A35: =ITEM_MASTER_CLEAN!A35 -> 34 | B35: =ITEM_MASTER_CLEAN!B35 -> 63934 | C35: =ITEM_MASTER_CLEAN!C35 -> Bisc PUCK ChocChunk 160x2oz | D35: =ITEM_MASTER_CLEAN!D35 -> BISCUITS & PATE A BISCUITS | E35: 3 | F35: 3 | G35: =IFERROR(VLOOKUP(D35,SETTINGS!A20:B41,2,FALSE()),"Medium") -> Fast | H35: =IFERROR(VLOOKUP(G35,SETTINGS!A14:C16,3,FALSE()),5) -> 15 | I35: =IF(E35>0,E35,H35) -> 3 | J35: =IF(F35>0,F35,H35) -> 3 | K35: =I35/7 -> 0.42857143 | L35: =J35/7 -> 0.42857143
A36: =ITEM_MASTER_CLEAN!A36 -> 35 | B36: =ITEM_MASTER_CLEAN!B36 -> 12596 | C36: =ITEM_MASTER_CLEAN!C36 -> MTY TREAT FOR DOGS 24UN | D36: =ITEM_MASTER_CLEAN!D36 -> BISCUITS & PATE A BISCUITS | E36: 4 | F36: 1 | G36: =IFERROR(VLOOKUP(D36,SETTINGS!A20:B41,2,FALSE()),"Medium") -> Fast | H36: =IFERROR(VLOOKUP(G36,SETTINGS!A14:C16,3,FALSE()),5) -> 15 | I36: =IF(E36>0,E36,H36) -> 4 | J36: =IF(F36>0,F36,H36) -> 1 | K36: =I36/7 -> 0.57142857 | L36: =J36/7 -> 0.14285714
A37: =ITEM_MASTER_CLEAN!A37 -> 36 | B37: =ITEM_MASTER_CLEAN!B37 -> 48219 | C37: =ITEM_MASTER_CLEAN!C37 -> BISC LOTUS BISCOFF 10X250G | D37: =ITEM_MASTER_CLEAN!D37 -> BISCUITS & PATE A BISCUITS | E37: 5 | F37: 4 | G37: =IFERROR(VLOOKUP(D37,SETTINGS!A20:B41,2,FALSE()),"Medium") -> Fast | H37: =IFERROR(VLOOKUP(G37,SETTINGS!A14:C16,3,FALSE()),5) -> 15 | I37: =IF(E37>0,E37,H37) -> 5 | J37: =IF(F37>0,F37,H37) -> 4 | K37: =I37/7 -> 0.71428571 | L37: =J37/7 -> 0.57142857
A38: =ITEM_MASTER_CLEAN!A38 -> 37 | B38: =ITEM_MASTER_CLEAN!B38 -> 39811 | C38: =ITEM_MASTER_CLEAN!C38 -> DONUT REGULAR 00726 140X28G | D38: =ITEM_MASTER_CLEAN!D38 -> BEIGNES/REMPLISSAGE/GARNITURES | E38: 4 | F38: 1 | G38: =IFERROR(VLOOKUP(D38,SETTINGS!A20:B41,2,FALSE()),"Medium") -> Medium | H38: =IFERROR(VLOOKUP(G38,SETTINGS!A14:C16,3,FALSE()),5) -> 8 | I38: =IF(E38>0,E38,H38) -> 4 | J38: =IF(F38>0,F38,H38) -> 1 | K38: =I38/7 -> 0.57142857 | L38: =J38/7 -> 0.14285714
A39: =ITEM_MASTER_CLEAN!A39 -> 38 | B39: =ITEM_MASTER_CLEAN!B39 -> 43328 | C39: =ITEM_MASTER_CLEAN!C39 -> DONUT MINI VANILLA 2442 300X12G | D39: =ITEM_MASTER_CLEAN!D39 -> BEIGNES/REMPLISSAGE/GARNITURES | E39: 3 | F39: 3 | G39: =IFERROR(VLOOKUP(D39,SETTINGS!A20:B41,2,FALSE()),"Medium") -> Medium | H39: =IFERROR(VLOOKUP(G39,SETTINGS!A14:C16,3,FALSE()),5) -> 8 | I39: =IF(E39>0,E39,H39) -> 3 | J39: =IF(F39>0,F39,H39) -> 3 | K39: =I39/7 -> 0.42857143 | L39: =J39/7 -> 0.42857143
A40: =ITEM_MASTER_CLEAN!A40 -> 39 | B40: =ITEM_MASTER_CLEAN!B40 -> 50170 | C40: =ITEM_MASTER_CLEAN!C40 -> MTY CHOC FF 3100051 5X1L | D40: =ITEM_MASTER_CLEAN!D40 -> BEIGNES/REMPLISSAGE/GARNITURES | E40: 2 | F40: 2 | G40: =IFERROR(VLOOKUP(D40,SETTINGS!A20:B41,2,FALSE()),"Medium") -> Medium | H40: =IFERROR(VLOOKUP(G40,SETTINGS!A14:C16,3,FALSE()),5) -> 8 | I40: =IF(E40>0,E40,H40) -> 2 | J40: =IF(F40>0,F40,H40) -> 2 | K40: =I40/7 -> 0.28571429 | L40: =J40/7 -> 0.28571429
A41: =ITEM_MASTER_CLEAN!A41 -> 40 | B41: =ITEM_MASTER_CLEAN!B41 -> 50010 | C41: =ITEM_MASTER_CLEAN!C41 -> SCE CARAMEL REG MCL 5X1L | D41: =ITEM_MASTER_CLEAN!D41 -> BEIGNES/REMPLISSAGE/GARNITURES | E41: 2 | F41: 2 | G41: =IFERROR(VLOOKUP(D41,SETTINGS!A20:B41,2,FALSE()),"Medium") -> Medium | H41: =IFERROR(VLOOKUP(G41,SETTINGS!A14:C16,3,FALSE()),5) -> 8 | I41: =IF(E41>0,E41,H41) -> 2 | J41: =IF(F41>0,F41,H41) -> 2 | K41: =I41/7 -> 0.28571429 | L41: =J41/7 -> 0.28571429
A42: =ITEM_MASTER_CLEAN!A42 -> 41 | B42: =ITEM_MASTER_CLEAN!B42 -> 50166 | C42: =ITEM_MASTER_CLEAN!C42 -> MTY fraise fr flow 10x1L | D42: =ITEM_MASTER_CLEAN!D42 -> BEIGNES/REMPLISSAGE/GARNITURES | E42: 3 | F42: 2 | G42: =IFERROR(VLOOKUP(D42,SETTINGS!A20:B41,2,FALSE()),"Medium") -> Medium | H42: =IFERROR(VLOOKUP(G42,SETTINGS!A14:C16,3,FALSE()),5) -> 8 | I42: =IF(E42>0,E42,H42) -> 3 | J42: =IF(F42>0,F42,H42) -> 2 | K42: =I42/7 -> 0.42857143 | L42: =J42/7 -> 0.28571429
A43: =ITEM_MASTER_CLEAN!A43 -> 42 | B43: =ITEM_MASTER_CLEAN!B43 -> 19850 | C43: =ITEM_MASTER_CLEAN!C43 -> SPICE CINNAMON GRND 400G | D43: =ITEM_MASTER_CLEAN!D43 -> BEIGNES/REMPLISSAGE/GARNITURES | E43: 3 | F43: 2 | G43: =IFERROR(VLOOKUP(D43,SETTINGS!A20:B41,2,FALSE()),"Medium") -> Medium | H43: =IFERROR(VLOOKUP(G43,SETTINGS!A14:C16,3,FALSE()),5) -> 8 | I43: =IF(E43>0,E43,H43) -> 3 | J43: =IF(F43>0,F43,H43) -> 2 | K43: =I43/7 -> 0.42857143 | L43: =J43/7 -> 0.28571429
A44: =ITEM_MASTER_CLEAN!A44 -> 43 | B44: =ITEM_MASTER_CLEAN!B44 -> 68587 | C44: =ITEM_MASTER_CLEAN!C44 -> SUGAR SPECIAL FINE K 1X2K | D44: =ITEM_MASTER_CLEAN!D44 -> BEIGNES/REMPLISSAGE/GARNITURES | E44: 2 | F44: 3 | G44: =IFERROR(VLOOKUP(D44,SETTINGS!A20:B41,2,FALSE()),"Medium") -> Medium | H44: =IFERROR(VLOOKUP(G44,SETTINGS!A14:C16,3,FALSE()),5) -> 8 | I44: =IF(E44>0,E44,H44) -> 2 | J44: =IF(F44>0,F44,H44) -> 3 | K44: =I44/7 -> 0.28571429 | L44: =J44/7 -> 0.42857143
A45: =ITEM_MASTER_CLEAN!A45 -> 44 | B45: =ITEM_MASTER_CLEAN!B45 -> 65315 | C45: =ITEM_MASTER_CLEAN!C45 -> SUGAR ICING K 1X1K | D45: =ITEM_MASTER_CLEAN!D45 -> BEIGNES/REMPLISSAGE/GARNITURES | E45: 1 | F45: 2 | G45: =IFERROR(VLOOKUP(D45,SETTINGS!A20:B41,2,FALSE()),"Medium") -> Medium | H45: =IFERROR(VLOOKUP(G45,SETTINGS!A14:C16,3,FALSE()),5) -> 8 | I45: =IF(E45>0,E45,H45) -> 1 | J45: =IF(F45>0,F45,H45) -> 2 | K45: =I45/7 -> 0.14285714 | L45: =J45/7 -> 0.28571429
A46: =ITEM_MASTER_CLEAN!A46 -> 45 | B46: =ITEM_MASTER_CLEAN!B46 -> 47526 | C46: =ITEM_MASTER_CLEAN!C46 -> CREPE DUTCH 105498 100X63G | D46: =ITEM_MASTER_CLEAN!D46 -> DESSERTS | E46: 2 | F46: 2 | G46: =IFERROR(VLOOKUP(D46,SETTINGS!A20:B41,2,FALSE()),"Medium") -> Medium | H46: =IFERROR(VLOOKUP(G46,SETTINGS!A14:C16,3,FALSE()),5) -> 8 | I46: =IF(E46>0,E46,H46) -> 2 | J46: =IF(F46>0,F46,H46) -> 2 | K46: =I46/7 -> 0.28571429 | L46: =J46/7 -> 0.28571429
A47: =ITEM_MASTER_CLEAN!A47 -> 46 | B47: =ITEM_MASTER_CLEAN!B47 -> 49632 | C47: =ITEM_MASTER_CLEAN!C47 -> WAFFLE BELGIAN VAN IND.WRAP 80X70G | D47: =ITEM_MASTER_CLEAN!D47 -> DESSERTS | E47: 3 | F47: 3 | G47: =IFERROR(VLOOKUP(D47,SETTINGS!A20:B41,2,FALSE()),"Medium") -> Medium | H47: =IFERROR(VLOOKUP(G47,SETTINGS!A14:C16,3,FALSE()),5) -> 8 | I47: =IF(E47>0,E47,H47) -> 3 | J47: =IF(F47>0,F47,H47) -> 3 | K47: =I47/7 -> 0.42857143 | L47: =J47/7 -> 0.42857143
A48: =ITEM_MASTER_CLEAN!A48 -> 47 | B48: =ITEM_MASTER_CLEAN!B48 -> 44967 | C48: =ITEM_MASTER_CLEAN!C48 -> CHOC FONDANT BKD V-FX956 32X105G | D48: =ITEM_MASTER_CLEAN!D48 -> DESSERTS | E48: 2 | F48: 3 | G48: =IFERROR(VLOOKUP(D48,SETTINGS!A20:B41,2,FALSE()),"Medium") -> Medium | H48: =IFERROR(VLOOKUP(G48,SETTINGS!A14:C16,3,FALSE()),5) -> 8 | I48: =IF(E48>0,E48,H48) -> 2 | J48: =IF(F48>0,F48,H48) -> 3 | K48: =I48/7 -> 0.28571429 | L48: =J48/7 -> 0.42857143
A49: =ITEM_MASTER_CLEAN!A49 -> 48 | B49: =ITEM_MASTER_CLEAN!B49 -> 33785 | C49: =ITEM_MASTER_CLEAN!C49 -> LADIP CAKE MARSHMELLOW C.DOUGH X2 | D49: =ITEM_MASTER_CLEAN!D49 -> DESSERTS | E49: 3 | F49: 2 | G49: =IFERROR(VLOOKUP(D49,SETTINGS!A20:B41,2,FALSE()),"Medium") -> Medium | H49: =IFERROR(VLOOKUP(G49,SETTINGS!A14:C16,3,FALSE()),5) -> 8 | I49: =IF(E49>0,E49,H49) -> 3 | J49: =IF(F49>0,F49,H49) -> 2 | K49: =I49/7 -> 0.42857143 | L49: =J49/7 -> 0.28571429
A50: =ITEM_MASTER_CLEAN!A50 -> 49 | B50: =ITEM_MASTER_CLEAN!B50 -> 33784 | C50: =ITEM_MASTER_CLEAN!C50 -> LADIP CAKE CARNIVAL 10" X2 | D50: =ITEM_MASTER_CLEAN!D50 -> DESSERTS | E50: 1 | F50: 2 | G50: =IFERROR(VLOOKUP(D50,SETTINGS!A20:B41,2,FALSE()),"Medium") -> Medium | H50: =IFERROR(VLOOKUP(G50,SETTINGS!A14:C16,3,FALSE()),5) -> 8 | I50: =IF(E50>0,E50,H50) -> 1 | J50: =IF(F50>0,F50,H50) -> 2 | K50: =I50/7 -> 0.14285714 | L50: =J50/7 -> 0.28571429
A51: =ITEM_MASTER_CLEAN!A51 -> 50 | B51: =ITEM_MASTER_CLEAN!B51 -> 33780 | C51: =ITEM_MASTER_CLEAN!C51 -> LADIP CAKE RAINBOW X2 | D51: =ITEM_MASTER_CLEAN!D51 -> DESSERTS | E51: 2 | F51: 1 | G51: =IFERROR(VLOOKUP(D51,SETTINGS!A20:B41,2,FALSE()),"Medium") -> Medium | H51: =IFERROR(VLOOKUP(G51,SETTINGS!A14:C16,3,FALSE()),5) -> 8 | I51: =IF(E51>0,E51,H51) -> 2 | J51: =IF(F51>0,F51,H51) -> 1 | K51: =I51/7 -> 0.28571429 | L51: =J51/7 -> 0.14285714
A52: =ITEM_MASTER_CLEAN!A52 -> 51 | B52: =ITEM_MASTER_CLEAN!B52 -> 28983 | C52: =ITEM_MASTER_CLEAN!C52 -> BROWNIE PLAIN 10" 14PC X2 | D52: =ITEM_MASTER_CLEAN!D52 -> DESSERTS | E52: 2 | F52: 3 | G52: =IFERROR(VLOOKUP(D52,SETTINGS!A20:B41,2,FALSE()),"Medium") -> Medium | H52: =IFERROR(VLOOKUP(G52,SETTINGS!A14:C16,3,FALSE()),5) -> 8 | I52: =IF(E52>0,E52,H52) -> 2 | J52: =IF(F52>0,F52,H52) -> 3 | K52: =I52/7 -> 0.28571429 | L52: =J52/7 -> 0.42857143
A53: =ITEM_MASTER_CLEAN!A53 -> 52 | B53: =ITEM_MASTER_CLEAN!B53 -> 28988 | C53: =ITEM_MASTER_CLEAN!C53 -> CAKE CARROT BEAUX 10" 14PC | D53: =ITEM_MASTER_CLEAN!D53 -> DESSERTS | E53: 4 | F53: 1 | G53: =IFERROR(VLOOKUP(D53,SETTINGS!A20:B41,2,FALSE()),"Medium") -> Medium | H53: =IFERROR(VLOOKUP(G53,SETTINGS!A14:C16,3,FALSE()),5) -> 8 | I53: =IF(E53>0,E53,H53) -> 4 | J53: =IF(F53>0,F53,H53) -> 1 | K53: =I53/7 -> 0.57142857 | L53: =J53/7 -> 0.14285714
A54: =ITEM_MASTER_CLEAN!A54 -> 53 | B54: =ITEM_MASTER_CLEAN!B54 -> 28989 | C54: =ITEM_MASTER_CLEAN!C54 -> CAKE REODELIGHT 10" 16PC | D54: =ITEM_MASTER_CLEAN!D54 -> DESSERTS | E54: 4 | F54: 3 | G54: =IFERROR(VLOOKUP(D54,SETTINGS!A20:B41,2,FALSE()),"Medium") -> Medium | H54: =IFERROR(VLOOKUP(G54,SETTINGS!A14:C16,3,FALSE()),5) -> 8 | I54: =IF(E54>0,E54,H54) -> 4 | J54: =IF(F54>0,F54,H54) -> 3 | K54: =I54/7 -> 0.57142857 | L54: =J54/7 -> 0.42857143
A55: =ITEM_MASTER_CLEAN!A55 -> 54 | B55: =ITEM_MASTER_CLEAN!B55 -> 28990 | C55: =ITEM_MASTER_CLEAN!C55 -> CAKE TIRAMISU 9" 12PC | D55: =ITEM_MASTER_CLEAN!D55 -> DESSERTS | E55: 4 | F55: 3 | G55: =IFERROR(VLOOKUP(D55,SETTINGS!A20:B41,2,FALSE()),"Medium") -> Medium | H55: =IFERROR(VLOOKUP(G55,SETTINGS!A14:C16,3,FALSE()),5) -> 8 | I55: =IF(E55>0,E55,H55) -> 4 | J55: =IF(F55>0,F55,H55) -> 3 | K55: =I55/7 -> 0.57142857 | L55: =J55/7 -> 0.42857143
A56: =ITEM_MASTER_CLEAN!A56 -> 55 | B56: =ITEM_MASTER_CLEAN!B56 -> 28992 | C56: =ITEM_MASTER_CLEAN!C56 -> CAKE RED VELVET 10" 14PC X1 | D56: =ITEM_MASTER_CLEAN!D56 -> DESSERTS | E56: 3 | F56: 3 | G56: =IFERROR(VLOOKUP(D56,SETTINGS!A20:B41,2,FALSE()),"Medium") -> Medium | H56: =IFERROR(VLOOKUP(G56,SETTINGS!A14:C16,3,FALSE()),5) -> 8 | I56: =IF(E56>0,E56,H56) -> 3 | J56: =IF(F56>0,F56,H56) -> 3 | K56: =I56/7 -> 0.42857143 | L56: =J56/7 -> 0.42857143
A57: =ITEM_MASTER_CLEAN!A57 -> 56 | B57: =ITEM_MASTER_CLEAN!B57 -> 27030 | C57: =ITEM_MASTER_CLEAN!C57 -> *NOUVEAU - gât choc décadent 6" 6un | D57: =ITEM_MASTER_CLEAN!D57 -> DESSERTS | E57: 1 | F57: 1 | G57: =IFERROR(VLOOKUP(D57,SETTINGS!A20:B41,2,FALSE()),"Medium") -> Medium | H57: =IFERROR(VLOOKUP(G57,SETTINGS!A14:C16,3,FALSE()),5) -> 8 | I57: =IF(E57>0,E57,H57) -> 1 | J57: =IF(F57>0,F57,H57) -> 1 | K57: =I57/7 -> 0.14285714 | L57: =J57/7 -> 0.14285714
A58: =ITEM_MASTER_CLEAN!A58 -> 57 | B58: =ITEM_MASTER_CLEAN!B58 -> 27031 | C58: =ITEM_MASTER_CLEAN!C58 -> *NOUVEAU - gât choc-noiset. 6" 6un | D58: =ITEM_MASTER_CLEAN!D58 -> DESSERTS | E58: 4 | F58: 2 | G58: =IFERROR(VLOOKUP(D58,SETTINGS!A20:B41,2,FALSE()),"Medium") -> Medium | H58: =IFERROR(VLOOKUP(G58,SETTINGS!A14:C16,3,FALSE()),5) -> 8 | I58: =IF(E58>0,E58,H58) -> 4 | J58: =IF(F58>0,F58,H58) -> 2 | K58: =I58/7 -> 0.57142857 | L58: =J58/7 -> 0.28571429
A59: =ITEM_MASTER_CLEAN!A59 -> 58 | B59: =ITEM_MASTER_CLEAN!B59 -> 27032 | C59: =ITEM_MASTER_CLEAN!C59 -> *NOUVEAU - gât Mangue Msse 6" 6un | D59: =ITEM_MASTER_CLEAN!D59 -> DESSERTS | E59: 4 | F59: 2 | G59: =IFERROR(VLOOKUP(D59,SETTINGS!A20:B41,2,FALSE()),"Medium") -> Medium | H59: =IFERROR(VLOOKUP(G59,SETTINGS!A14:C16,3,FALSE()),5) -> 8 | I59: =IF(E59>0,E59,H59) -> 4 | J59: =IF(F59>0,F59,H59) -> 2 | K59: =I59/7 -> 0.57142857 | L59: =J59/7 -> 0.28571429
A60: =ITEM_MASTER_CLEAN!A60 -> 59 | B60: =ITEM_MASTER_CLEAN!B60 -> 27033 | C60: =ITEM_MASTER_CLEAN!C60 -> LADIP CAKE RED BERRY MOUSSE 6" 6UN | D60: =ITEM_MASTER_CLEAN!D60 -> DESSERTS | E60: 2 | F60: 2 | G60: =IFERROR(VLOOKUP(D60,SETTINGS!A20:B41,2,FALSE()),"Medium") -> Medium | H60: =IFERROR(VLOOKUP(G60,SETTINGS!A14:C16,3,FALSE()),5) -> 8 | I60: =IF(E60>0,E60,H60) -> 2 | J60: =IF(F60>0,F60,H60) -> 2 | K60: =I60/7 -> 0.28571429 | L60: =J60/7 -> 0.28571429
A61: =ITEM_MASTER_CLEAN!A61 -> 60 | B61: =ITEM_MASTER_CLEAN!B61 -> 27034 | C61: =ITEM_MASTER_CLEAN!C61 -> *NOUVEAU -gât d'anniversaire 6"6un | D61: =ITEM_MASTER_CLEAN!D61 -> DESSERTS | E61: 2 | F61: 2 | G61: =IFERROR(VLOOKUP(D61,SETTINGS!A20:B41,2,FALSE()),"Medium") -> Medium | H61: =IFERROR(VLOOKUP(G61,SETTINGS!A14:C16,3,FALSE()),5) -> 8 | I61: =IF(E61>0,E61,H61) -> 2 | J61: =IF(F61>0,F61,H61) -> 2 | K61: =I61/7 -> 0.28571429 | L61: =J61/7 -> 0.28571429
A62: =ITEM_MASTER_CLEAN!A62 -> 61 | B62: =ITEM_MASTER_CLEAN!B62 -> 28967 | C62: =ITEM_MASTER_CLEAN!C62 -> PIE KEY LIME GRAHAM 10" KILO 12PC | D62: =ITEM_MASTER_CLEAN!D62 -> DESSERTS | E62: 1 | F62: 3 | G62: =IFERROR(VLOOKUP(D62,SETTINGS!A20:B41,2,FALSE()),"Medium") -> Medium | H62: =IFERROR(VLOOKUP(G62,SETTINGS!A14:C16,3,FALSE()),5) -> 8 | I62: =IF(E62>0,E62,H62) -> 1 | J62: =IF(F62>0,F62,H62) -> 3 | K62: =I62/7 -> 0.14285714 | L62: =J62/7 -> 0.42857143
A63: =ITEM_MASTER_CLEAN!A63 -> 62 | B63: =ITEM_MASTER_CLEAN!B63 -> 31229 | C63: =ITEM_MASTER_CLEAN!C63 -> LC ICE CRM MIX VANILLA 2X10L | D63: =ITEM_MASTER_CLEAN!D63 -> MIX CRÈME GLACÉE | E63: 6 | F63: 6 | G63: =IFERROR(VLOOKUP(D63,SETTINGS!A20:B41,2,FALSE()),"Medium") -> Fast | H63: =IFERROR(VLOOKUP(G63,SETTINGS!A14:C16,3,FALSE()),5) -> 15 | I63: =IF(E63>0,E63,H63) -> 6 | J63: =IF(F63>0,F63,H63) -> 6 | K63: =I63/7 -> 0.85714286 | L63: =J63/7 -> 0.85714286
A64: =ITEM_MASTER_CLEAN!A64 -> 63 | B64: =ITEM_MASTER_CLEAN!B64 -> 36756 | C64: =ITEM_MASTER_CLEAN!C64 -> LADIP MANGO S/SERVE VEGAN 8X1.89L | D64: =ITEM_MASTER_CLEAN!D64 -> MIX CRÈME GLACÉE | E64: 4 | F64: 5 | G64: =IFERROR(VLOOKUP(D64,SETTINGS!A20:B41,2,FALSE()),"Medium") -> Fast | H64: =IFERROR(VLOOKUP(G64,SETTINGS!A14:C16,3,FALSE()),5) -> 15 | I64: =IF(E64>0,E64,H64) -> 4 | J64: =IF(F64>0,F64,H64) -> 5 | K64: =I64/7 -> 0.57142857 | L64: =J64/7 -> 0.71428571
A65: =ITEM_MASTER_CLEAN!A65 -> 64 | B65: =ITEM_MASTER_CLEAN!B65 -> 31231 | C65: =ITEM_MASTER_CLEAN!C65 -> LC ICE CRM MIX CHOCOLATE 2X10L | D65: =ITEM_MASTER_CLEAN!D65 -> MIX CRÈME GLACÉE | E65: 8 | F65: 4 | G65: =IFERROR(VLOOKUP(D65,SETTINGS!A20:B41,2,FALSE()),"Medium") -> Fast | H65: =IFERROR(VLOOKUP(G65,SETTINGS!A14:C16,3,FALSE()),5) -> 15 | I65: =IF(E65>0,E65,H65) -> 8 | J65: =IF(F65>0,F65,H65) -> 4 | K65: =I65/7 -> 1.1428571 | L65: =J65/7 -> 0.57142857
A66: =ITEM_MASTER_CLEAN!A66 -> 65 | B66: =ITEM_MASTER_CLEAN!B66 -> 30283 | C66: =ITEM_MASTER_CLEAN!C66 -> BEV MILKSHAKE CARAMILK 12X310ML | D66: =ITEM_MASTER_CLEAN!D66 -> LAITS FRAPPÉS / VERRES / PAILLES | E66: 8 | F66: 3 | G66: =IFERROR(VLOOKUP(D66,SETTINGS!A20:B41,2,FALSE()),"Medium") -> Fast | H66: =IFERROR(VLOOKUP(G66,SETTINGS!A14:C16,3,FALSE()),5) -> 15 | I66: =IF(E66>0,E66,H66) -> 8 | J66: =IF(F66>0,F66,H66) -> 3 | K66: =I66/7 -> 1.1428571 | L66: =J66/7 -> 0.42857143
A67: =ITEM_MASTER_CLEAN!A67 -> 66 | B67: =ITEM_MASTER_CLEAN!B67 -> 30282 | C67: =ITEM_MASTER_CLEAN!C67 -> BEV MILKSHAKE COFFE CRISP 12X473ML | D67: =ITEM_MASTER_CLEAN!D67 -> LAITS FRAPPÉS / VERRES / PAILLES | E67: 9 | F67: 5 | G67: =IFERROR(VLOOKUP(D67,SETTINGS!A20:B41,2,FALSE()),"Medium") -> Fast | H67: =IFERROR(VLOOKUP(G67,SETTINGS!A14:C16,3,FALSE()),5) -> 15 | I67: =IF(E67>0,E67,H67) -> 9 | J67: =IF(F67>0,F67,H67) -> 5 | K67: =I67/7 -> 1.2857143 | L67: =J67/7 -> 0.71428571
A68: =ITEM_MASTER_CLEAN!A68 -> 67 | B68: =ITEM_MASTER_CLEAN!B68 -> 31225 | C68: =ITEM_MASTER_CLEAN!C68 -> PRVT MILK HOMO 2L | D68: =ITEM_MASTER_CLEAN!D68 -> LAITS FRAPPÉS / VERRES / PAILLES | E68: 4 | F68: 6 | G68: =IFERROR(VLOOKUP(D68,SETTINGS!A20:B41,2,FALSE()),"Medium") -> Fast | H68: =IFERROR(VLOOKUP(G68,SETTINGS!A14:C16,3,FALSE()),5) -> 15 | I68: =IF(E68>0,E68,H68) -> 4 | J68: =IF(F68>0,F68,H68) -> 6 | K68: =I68/7 -> 0.57142857 | L68: =J68/7 -> 0.85714286
A69: =ITEM_MASTER_CLEAN!A69 -> 68 | B69: =ITEM_MASTER_CLEAN!B69 -> 31227 | C69: =ITEM_MASTER_CLEAN!C69 -> PRVT MILK CHOCOLATE 2L | D69: =ITEM_MASTER_CLEAN!D69 -> LAITS FRAPPÉS / VERRES / PAILLES | E69: 9 | F69: 4 | G69: =IFERROR(VLOOKUP(D69,SETTINGS!A20:B41,2,FALSE()),"Medium") -> Fast | H69: =IFERROR(VLOOKUP(G69,SETTINGS!A14:C16,3,FALSE()),5) -> 15 | I69: =IF(E69>0,E69,H69) -> 9 | J69: =IF(F69>0,F69,H69) -> 4 | K69: =I69/7 -> 1.2857143 | L69: =J69/7 -> 0.57142857
A70: =ITEM_MASTER_CLEAN!A70 -> 69 | B70: =ITEM_MASTER_CLEAN!B70 -> 31226 | C70: =ITEM_MASTER_CLEAN!C70 -> PRVT MILK STRAWBERRY 473ML | D70: =ITEM_MASTER_CLEAN!D70 -> LAITS FRAPPÉS / VERRES / PAILLES | E70: 10 | F70: 5 | G70: =IFERROR(VLOOKUP(D70,SETTINGS!A20:B41,2,FALSE()),"Medium") -> Fast | H70: =IFERROR(VLOOKUP(G70,SETTINGS!A14:C16,3,FALSE()),5) -> 15 | I70: =IF(E70>0,E70,H70) -> 10 | J70: =IF(F70>0,F70,H70) -> 5 | K70: =I70/7 -> 1.4285714 | L70: =J70/7 -> 0.71428571
A71: =ITEM_MASTER_CLEAN!A71 -> 70 | B71: =ITEM_MASTER_CLEAN!B71 -> 31221 | C71: =ITEM_MASTER_CLEAN!C71 -> WHIP CREAM AEROSOL 19% 12X225G | D71: =ITEM_MASTER_CLEAN!D71 -> LAITS FRAPPÉS / VERRES / PAILLES | E71: 6 | F71: 5 | G71: =IFERROR(VLOOKUP(D71,SETTINGS!A20:B41,2,FALSE()),"Medium") -> Fast | H71: =IFERROR(VLOOKUP(G71,SETTINGS!A14:C16,3,FALSE()),5) -> 15 | I71: =IF(E71>0,E71,H71) -> 6 | J71: =IF(F71>0,F71,H71) -> 5 | K71: =I71/7 -> 0.85714286 | L71: =J71/7 -> 0.71428571
A72: =ITEM_MASTER_CLEAN!A72 -> 71 | B72: =ITEM_MASTER_CLEAN!B72 -> 64878 | C72: =ITEM_MASTER_CLEAN!C72 -> DIPP CUP 16OZ PL 31016MTYL PP* 1M | D72: =ITEM_MASTER_CLEAN!D72 -> LAITS FRAPPÉS / VERRES / PAILLES | E72: 7 | F72: 4 | G72: =IFERROR(VLOOKUP(D72,SETTINGS!A20:B41,2,FALSE()),"Medium") -> Fast | H72: =IFERROR(VLOOKUP(G72,SETTINGS!A14:C16,3,FALSE()),5) -> 15 | I72: =IF(E72>0,E72,H72) -> 7 | J72: =IF(F72>0,F72,H72) -> 4 | K72: =I72/7 -> 1 | L72: =J72/7 -> 0.57142857
A73: =ITEM_MASTER_CLEAN!A73 -> 72 | B73: =ITEM_MASTER_CLEAN!B73 -> 61594 | C73: =ITEM_MASTER_CLEAN!C73 -> Couv. Plat 16oz 10x100 units | D73: =ITEM_MASTER_CLEAN!D73 -> LAITS FRAPPÉS / VERRES / PAILLES | E73: 9 | F73: 5 | G73: =IFERROR(VLOOKUP(D73,SETTINGS!A20:B41,2,FALSE()),"Medium") -> Fast | H73: =IFERROR(VLOOKUP(G73,SETTINGS!A14:C16,3,FALSE()),5) -> 15 | I73: =IF(E73>0,E73,H73) -> 9 | J73: =IF(F73>0,F73,H73) -> 5 | K73: =I73/7 -> 1.2857143 | L73: =J73/7 -> 0.71428571
A74: =ITEM_MASTER_CLEAN!A74 -> 73 | B74: =ITEM_MASTER_CLEAN!B74 -> 61593 | C74: =ITEM_MASTER_CLEAN!C74 -> LID 16 OZ DOME W/SPOON HOLE PP X100 | D74: =ITEM_MASTER_CLEAN!D74 -> LAITS FRAPPÉS / VERRES / PAILLES | E74: 9 | F74: 7 | G74: =IFERROR(VLOOKUP(D74,SETTINGS!A20:B41,2,FALSE()),"Medium") -> Fast | H74: =IFERROR(VLOOKUP(G74,SETTINGS!A14:C16,3,FALSE()),5) -> 15 | I74: =IF(E74>0,E74,H74) -> 9 | J74: =IF(F74>0,F74,H74) -> 7 | K74: =I74/7 -> 1.2857143 | L74: =J74/7 -> 1
A75: =ITEM_MASTER_CLEAN!A75 -> 74 | B75: =ITEM_MASTER_CLEAN!B75 -> 32911 | C75: =ITEM_MASTER_CLEAN!C75 -> Montreal paper cup 16oz | D75: =ITEM_MASTER_CLEAN!D75 -> LAITS FRAPPÉS / VERRES / PAILLES | E75: 8 | F75: 4 | G75: =IFERROR(VLOOKUP(D75,SETTINGS!A20:B41,2,FALSE()),"Medium") -> Fast | H75: =IFERROR(VLOOKUP(G75,SETTINGS!A14:C16,3,FALSE()),5) -> 15 | I75: =IF(E75>0,E75,H75) -> 8 | J75: =IF(F75>0,F75,H75) -> 4 | K75: =I75/7 -> 1.1428571 | L75: =J75/7 -> 0.57142857
A76: =ITEM_MASTER_CLEAN!A76 -> 75 | B76: =ITEM_MASTER_CLEAN!B76 -> 32912 | C76: =ITEM_MASTER_CLEAN!C76 -> Montreal 16oz flat lid | D76: =ITEM_MASTER_CLEAN!D76 -> LAITS FRAPPÉS / VERRES / PAILLES | E76: 5 | F76: 3 | G76: =IFERROR(VLOOKUP(D76,SETTINGS!A20:B41,2,FALSE()),"Medium") -> Fast | H76: =IFERROR(VLOOKUP(G76,SETTINGS!A14:C16,3,FALSE()),5) -> 15 | I76: =IF(E76>0,E76,H76) -> 5 | J76: =IF(F76>0,F76,H76) -> 3 | K76: =I76/7 -> 0.71428571 | L76: =J76/7 -> 0.42857143
A77: =ITEM_MASTER_CLEAN!A77 -> 76 | B77: =ITEM_MASTER_CLEAN!B77 -> 34434 | C77: =ITEM_MASTER_CLEAN!C77 -> Montreal 16oz dome lids | D77: =ITEM_MASTER_CLEAN!D77 -> LAITS FRAPPÉS / VERRES / PAILLES | E77: 4 | F77: 3 | G77: =IFERROR(VLOOKUP(D77,SETTINGS!A20:B41,2,FALSE()),"Medium") -> Fast | H77: =IFERROR(VLOOKUP(G77,SETTINGS!A14:C16,3,FALSE()),5) -> 15 | I77: =IF(E77>0,E77,H77) -> 4 | J77: =IF(F77>0,F77,H77) -> 3 | K77: =I77/7 -> 0.57142857 | L77: =J77/7 -> 0.42857143
A78: =ITEM_MASTER_CLEAN!A78 -> 77 | B78: =ITEM_MASTER_CLEAN!B78 -> 63815 | C78: =ITEM_MASTER_CLEAN!C78 -> STRAW 10" PAP BLK JUMBO 8MM WRP 2M | D78: =ITEM_MASTER_CLEAN!D78 -> LAITS FRAPPÉS / VERRES / PAILLES | E78: 10 | F78: 2 | G78: =IFERROR(VLOOKUP(D78,SETTINGS!A20:B41,2,FALSE()),"Medium") -> Fast | H78: =IFERROR(VLOOKUP(G78,SETTINGS!A14:C16,3,FALSE()),5) -> 15 | I78: =IF(E78>0,E78,H78) -> 10 | J78: =IF(F78>0,F78,H78) -> 2 | K78: =I78/7 -> 1.4285714 | L78: =J78/7 -> 0.28571429
A79: =ITEM_MASTER_CLEAN!A79 -> 78 | B79: =ITEM_MASTER_CLEAN!B79 -> 63816 | C79: =ITEM_MASTER_CLEAN!C79 -> STRAW 7.75"PAPER S/J 8MM BLK WRP 2M | D79: =ITEM_MASTER_CLEAN!D79 -> LAITS FRAPPÉS / VERRES / PAILLES | E79: 9 | F79: 5 | G79: =IFERROR(VLOOKUP(D79,SETTINGS!A20:B41,2,FALSE()),"Medium") -> Fast | H79: =IFERROR(VLOOKUP(G79,SETTINGS!A14:C16,3,FALSE()),5) -> 15 | I79: =IF(E79>0,E79,H79) -> 9 | J79: =IF(F79>0,F79,H79) -> 5 | K79: =I79/7 -> 1.2857143 | L79: =J79/7 -> 0.71428571
A80: =ITEM_MASTER_CLEAN!A80 -> 79 | B80: =ITEM_MASTER_CLEAN!B80 -> 61558 | C80: =ITEM_MASTER_CLEAN!C80 -> STRAW 8.5" BBL/TEA 12MM WH/PAP 2M | D80: =ITEM_MASTER_CLEAN!D80 -> LAITS FRAPPÉS / VERRES / PAILLES | E80: 9 | F80: 6 | G80: =IFERROR(VLOOKUP(D80,SETTINGS!A20:B41,2,FALSE()),"Medium") -> Fast | H80: =IFERROR(VLOOKUP(G80,SETTINGS!A14:C16,3,FALSE()),5) -> 15 | I80: =IF(E80>0,E80,H80) -> 9 | J80: =IF(F80>0,F80,H80) -> 6 | K80: =I80/7 -> 1.2857143 | L80: =J80/7 -> 0.85714286
A81: =ITEM_MASTER_CLEAN!A81 -> 80 | B81: =ITEM_MASTER_CLEAN!B81 -> 23511 | C81: =ITEM_MASTER_CLEAN!C81 -> Nouv CRM GLC BISC MONSTRE 11.4L | D81: =ITEM_MASTER_CLEAN!D81 -> CREME GLACEE DUR & SORBETS 11.4L | E81: 6 | F81: 4 | G81: =IFERROR(VLOOKUP(D81,SETTINGS!A20:B41,2,FALSE()),"Medium") -> Fast | H81: =IFERROR(VLOOKUP(G81,SETTINGS!A14:C16,3,FALSE()),5) -> 15 | I81: =IF(E81>0,E81,H81) -> 6 | J81: =IF(F81>0,F81,H81) -> 4 | K81: =I81/7 -> 0.85714286 | L81: =J81/7 -> 0.57142857
A82: =ITEM_MASTER_CLEAN!A82 -> 81 | B82: =ITEM_MASTER_CLEAN!B82 -> 15422 | C82: =ITEM_MASTER_CLEAN!C82 -> ICE CREAM CHOCOLATE 11.4L | D82: =ITEM_MASTER_CLEAN!D82 -> CREME GLACEE DUR & SORBETS 11.4L | E82: 4 | F82: 3 | G82: =IFERROR(VLOOKUP(D82,SETTINGS!A20:B41,2,FALSE()),"Medium") -> Fast | H82: =IFERROR(VLOOKUP(G82,SETTINGS!A14:C16,3,FALSE()),5) -> 15 | I82: =IF(E82>0,E82,H82) -> 4 | J82: =IF(F82>0,F82,H82) -> 3 | K82: =I82/7 -> 0.57142857 | L82: =J82/7 -> 0.42857143
A83: =ITEM_MASTER_CLEAN!A83 -> 82 | B83: =ITEM_MASTER_CLEAN!B83 -> 36840 | C83: =ITEM_MASTER_CLEAN!C83 -> ICE CREAM COTTON CANDY 11449 11.4L | D83: =ITEM_MASTER_CLEAN!D83 -> CREME GLACEE DUR & SORBETS 11.4L | E83: 2 | F83: 2 | G83: =IFERROR(VLOOKUP(D83,SETTINGS!A20:B41,2,FALSE()),"Medium") -> Fast | H83: =IFERROR(VLOOKUP(G83,SETTINGS!A14:C16,3,FALSE()),5) -> 15 | I83: =IF(E83>0,E83,H83) -> 2 | J83: =IF(F83>0,F83,H83) -> 2 | K83: =I83/7 -> 0.28571429 | L83: =J83/7 -> 0.28571429
A84: =ITEM_MASTER_CLEAN!A84 -> 83 | B84: =ITEM_MASTER_CLEAN!B84 -> 36827 | C84: =ITEM_MASTER_CLEAN!C84 -> ICE CREAM COOKIE/CRM 11438 11.4L | D84: =ITEM_MASTER_CLEAN!D84 -> CREME GLACEE DUR & SORBETS 11.4L | E84: 6 | F84: 2 | G84: =IFERROR(VLOOKUP(D84,SETTINGS!A20:B41,2,FALSE()),"Medium") -> Fast | H84: =IFERROR(VLOOKUP(G84,SETTINGS!A14:C16,3,FALSE()),5) -> 15 | I84: =IF(E84>0,E84,H84) -> 6 | J84: =IF(F84>0,F84,H84) -> 2 | K84: =I84/7 -> 0.85714286 | L84: =J84/7 -> 0.28571429
A85: =ITEM_MASTER_CLEAN!A85 -> 84 | B85: =ITEM_MASTER_CLEAN!B85 -> 36830 | C85: =ITEM_MASTER_CLEAN!C85 -> ICE CREAM CHOC BROWNIE 11446 11.4L | D85: =ITEM_MASTER_CLEAN!D85 -> CREME GLACEE DUR & SORBETS 11.4L | E85: 3 | F85: 3 | G85: =IFERROR(VLOOKUP(D85,SETTINGS!A20:B41,2,FALSE()),"Medium") -> Fast | H85: =IFERROR(VLOOKUP(G85,SETTINGS!A14:C16,3,FALSE()),5) -> 15 | I85: =IF(E85>0,E85,H85) -> 3 | J85: =IF(F85>0,F85,H85) -> 3 | K85: =I85/7 -> 0.42857143 | L85: =J85/7 -> 0.42857143
A86: =ITEM_MASTER_CLEAN!A86 -> 85 | B86: =ITEM_MASTER_CLEAN!B86 -> 36828 | C86: =ITEM_MASTER_CLEAN!C86 -> ICE CREAM PRALN/CRM 11440 11.4L | D86: =ITEM_MASTER_CLEAN!D86 -> CREME GLACEE DUR & SORBETS 11.4L | E86: 5 | F86: 3 | G86: =IFERROR(VLOOKUP(D86,SETTINGS!A20:B41,2,FALSE()),"Medium") -> Fast | H86: =IFERROR(VLOOKUP(G86,SETTINGS!A14:C16,3,FALSE()),5) -> 15 | I86: =IF(E86>0,E86,H86) -> 5 | J86: =IF(F86>0,F86,H86) -> 3 | K86: =I86/7 -> 0.71428571 | L86: =J86/7 -> 0.42857143
A87: =ITEM_MASTER_CLEAN!A87 -> 86 | B87: =ITEM_MASTER_CLEAN!B87 -> 36837 | C87: =ITEM_MASTER_CLEAN!C87 -> ICE CREAM RIBAMBL 3-COL 11429 11.4L | D87: =ITEM_MASTER_CLEAN!D87 -> CREME GLACEE DUR & SORBETS 11.4L | E87: 2 | F87: 2 | G87: =IFERROR(VLOOKUP(D87,SETTINGS!A20:B41,2,FALSE()),"Medium") -> Fast | H87: =IFERROR(VLOOKUP(G87,SETTINGS!A14:C16,3,FALSE()),5) -> 15 | I87: =IF(E87>0,E87,H87) -> 2 | J87: =IF(F87>0,F87,H87) -> 2 | K87: =I87/7 -> 0.28571429 | L87: =J87/7 -> 0.28571429
A88: =ITEM_MASTER_CLEAN!A88 -> 87 | B88: =ITEM_MASTER_CLEAN!B88 -> 36835 | C88: =ITEM_MASTER_CLEAN!C88 -> ICE CREAM MAPLE TAFFY 11426 11.4L | D88: =ITEM_MASTER_CLEAN!D88 -> CREME GLACEE DUR & SORBETS 11.4L | E88: 4 | F88: 1 | G88: =IFERROR(VLOOKUP(D88,SETTINGS!A20:B41,2,FALSE()),"Medium") -> Fast | H88: =IFERROR(VLOOKUP(G88,SETTINGS!A14:C16,3,FALSE()),5) -> 15 | I88: =IF(E88>0,E88,H88) -> 4 | J88: =IF(F88>0,F88,H88) -> 1 | K88: =I88/7 -> 0.57142857 | L88: =J88/7 -> 0.14285714
A89: =ITEM_MASTER_CLEAN!A89 -> 88 | B89: =ITEM_MASTER_CLEAN!B89 -> 36831 | C89: =ITEM_MASTER_CLEAN!C89 -> ICE CREAM VANILLA 11401 11.4L | D89: =ITEM_MASTER_CLEAN!D89 -> CREME GLACEE DUR & SORBETS 11.4L | E89: 8 | F89: 4 | G89: =IFERROR(VLOOKUP(D89,SETTINGS!A20:B41,2,FALSE()),"Medium") -> Fast | H89: =IFERROR(VLOOKUP(G89,SETTINGS!A14:C16,3,FALSE()),5) -> 15 | I89: =IF(E89>0,E89,H89) -> 8 | J89: =IF(F89>0,F89,H89) -> 4 | K89: =I89/7 -> 1.1428571 | L89: =J89/7 -> 0.57142857
A90: =ITEM_MASTER_CLEAN!A90 -> 89 | B90: =ITEM_MASTER_CLEAN!B90 -> 15425 | C90: =ITEM_MASTER_CLEAN!C90 -> ICE CRM COOKIE DGH/CHOC FUDGE 11.4L | D90: =ITEM_MASTER_CLEAN!D90 -> CREME GLACEE DUR & SORBETS 11.4L | E90: 5 | F90: 1 | G90: =IFERROR(VLOOKUP(D90,SETTINGS!A20:B41,2,FALSE()),"Medium") -> Fast | H90: =IFERROR(VLOOKUP(G90,SETTINGS!A14:C16,3,FALSE()),5) -> 15 | I90: =IF(E90>0,E90,H90) -> 5 | J90: =IF(F90>0,F90,H90) -> 1 | K90: =I90/7 -> 0.71428571 | L90: =J90/7 -> 0.14285714
A91: =ITEM_MASTER_CLEAN!A91 -> 90 | B91: =ITEM_MASTER_CLEAN!B91 -> 15424 | C91: =ITEM_MASTER_CLEAN!C91 -> ICE CREAM MINT CHOC CHIP 11.4L | D91: =ITEM_MASTER_CLEAN!D91 -> CREME GLACEE DUR & SORBETS 11.4L | E91: 2 | F91: 4 | G91: =IFERROR(VLOOKUP(D91,SETTINGS!A20:B41,2,FALSE()),"Medium") -> Fast | H91: =IFERROR(VLOOKUP(G91,SETTINGS!A14:C16,3,FALSE()),5) -> 15 | I91: =IF(E91>0,E91,H91) -> 2 | J91: =IF(F91>0,F91,H91) -> 4 | K91: =I91/7 -> 0.28571429 | L91: =J91/7 -> 0.57142857
A92: =ITEM_MASTER_CLEAN!A92 -> 91 | B92: =ITEM_MASTER_CLEAN!B92 -> 36884 | C92: =ITEM_MASTER_CLEAN!C92 -> ICE CRM CHOC/CHERRY/AMARETTO 11.4L | D92: =ITEM_MASTER_CLEAN!D92 -> CREME GLACEE DUR & SORBETS 11.4L | E92: 3 | F92: 3 | G92: =IFERROR(VLOOKUP(D92,SETTINGS!A20:B41,2,FALSE()),"Medium") -> Fast | H92: =IFERROR(VLOOKUP(G92,SETTINGS!A14:C16,3,FALSE()),5) -> 15 | I92: =IF(E92>0,E92,H92) -> 3 | J92: =IF(F92>0,F92,H92) -> 3 | K92: =I92/7 -> 0.42857143 | L92: =J92/7 -> 0.42857143
A93: =ITEM_MASTER_CLEAN!A93 -> 92 | B93: =ITEM_MASTER_CLEAN!B93 -> 15426 | C93: =ITEM_MASTER_CLEAN!C93 -> ICE CRM DBL STRAWBERRY 11407 11.4L | D93: =ITEM_MASTER_CLEAN!D93 -> CREME GLACEE DUR & SORBETS 11.4L | E93: 6 | F93: 1 | G93: =IFERROR(VLOOKUP(D93,SETTINGS!A20:B41,2,FALSE()),"Medium") -> Fast | H93: =IFERROR(VLOOKUP(G93,SETTINGS!A14:C16,3,FALSE()),5) -> 15 | I93: =IF(E93>0,E93,H93) -> 6 | J93: =IF(F93>0,F93,H93) -> 1 | K93: =I93/7 -> 0.85714286 | L93: =J93/7 -> 0.14285714
A94: =ITEM_MASTER_CLEAN!A94 -> 93 | B94: =ITEM_MASTER_CLEAN!B94 -> 36846 | C94: =ITEM_MASTER_CLEAN!C94 -> ICE CRM SALTED CARAMEL 11445 11.4L | D94: =ITEM_MASTER_CLEAN!D94 -> CREME GLACEE DUR & SORBETS 11.4L | E94: 3 | F94: 4 | G94: =IFERROR(VLOOKUP(D94,SETTINGS!A20:B41,2,FALSE()),"Medium") -> Fast | H94: =IFERROR(VLOOKUP(G94,SETTINGS!A14:C16,3,FALSE()),5) -> 15 | I94: =IF(E94>0,E94,H94) -> 3 | J94: =IF(F94>0,F94,H94) -> 4 | K94: =I94/7 -> 0.42857143 | L94: =J94/7 -> 0.57142857
A95: =ITEM_MASTER_CLEAN!A95 -> 94 | B95: =ITEM_MASTER_CLEAN!B95 -> 15423 | C95: =ITEM_MASTER_CLEAN!C95 -> ICE CREAM PISTACHIO 11416 11.4L | D95: =ITEM_MASTER_CLEAN!D95 -> CREME GLACEE DUR & SORBETS 11.4L | E95: 5 | F95: 2 | G95: =IFERROR(VLOOKUP(D95,SETTINGS!A20:B41,2,FALSE()),"Medium") -> Fast | H95: =IFERROR(VLOOKUP(G95,SETTINGS!A14:C16,3,FALSE()),5) -> 15 | I95: =IF(E95>0,E95,H95) -> 5 | J95: =IF(F95>0,F95,H95) -> 2 | K95: =I95/7 -> 0.71428571 | L95: =J95/7 -> 0.28571429
A96: =ITEM_MASTER_CLEAN!A96 -> 95 | B96: =ITEM_MASTER_CLEAN!B96 -> 36824 | C96: =ITEM_MASTER_CLEAN!C96 -> LC ICE CRM PCN/CARAM/FDG11435 11.4L | D96: =ITEM_MASTER_CLEAN!D96 -> CREME GLACEE DUR & SORBETS 11.4L | E96: 5 | F96: 3 | G96: =IFERROR(VLOOKUP(D96,SETTINGS!A20:B41,2,FALSE()),"Medium") -> Fast | H96: =IFERROR(VLOOKUP(G96,SETTINGS!A14:C16,3,FALSE()),5) -> 15 | I96: =IF(E96>0,E96,H96) -> 5 | J96: =IF(F96>0,F96,H96) -> 3 | K96: =I96/7 -> 0.71428571 | L96: =J96/7 -> 0.42857143
A97: =ITEM_MASTER_CLEAN!A97 -> 96 | B97: =ITEM_MASTER_CLEAN!B97 -> 36833 | C97: =ITEM_MASTER_CLEAN!C97 -> ICE CREAM BUBBLE GUM 11413 11.4L | D97: =ITEM_MASTER_CLEAN!D97 -> CREME GLACEE DUR & SORBETS 11.4L | E97: 5 | F97: 2 | G97: =IFERROR(VLOOKUP(D97,SETTINGS!A20:B41,2,FALSE()),"Medium") -> Fast | H97: =IFERROR(VLOOKUP(G97,SETTINGS!A14:C16,3,FALSE()),5) -> 15 | I97: =IF(E97>0,E97,H97) -> 5 | J97: =IF(F97>0,F97,H97) -> 2 | K97: =I97/7 -> 0.71428571 | L97: =J97/7 -> 0.28571429
A98: =ITEM_MASTER_CLEAN!A98 -> 97 | B98: =ITEM_MASTER_CLEAN!B98 -> 32183 | C98: =ITEM_MASTER_CLEAN!C98 -> ICE CREAM MANGO 851 11.4L | D98: =ITEM_MASTER_CLEAN!D98 -> CREME GLACEE DUR & SORBETS 11.4L | E98: 3 | F98: 2 | G98: =IFERROR(VLOOKUP(D98,SETTINGS!A20:B41,2,FALSE()),"Medium") -> Fast | H98: =IFERROR(VLOOKUP(G98,SETTINGS!A14:C16,3,FALSE()),5) -> 15 | I98: =IF(E98>0,E98,H98) -> 3 | J98: =IF(F98>0,F98,H98) -> 2 | K98: =I98/7 -> 0.42857143 | L98: =J98/7 -> 0.28571429
A99: =ITEM_MASTER_CLEAN!A99 -> 98 | B99: =ITEM_MASTER_CLEAN!B99 -> 15427 | C99: =ITEM_MASTER_CLEAN!C99 -> ICE CREAM RHUM&RAISIN 11.4L | D99: =ITEM_MASTER_CLEAN!D99 -> CREME GLACEE DUR & SORBETS 11.4L | E99: 5 | F99: 2 | G99: =IFERROR(VLOOKUP(D99,SETTINGS!A20:B41,2,FALSE()),"Medium") -> Fast | H99: =IFERROR(VLOOKUP(G99,SETTINGS!A14:C16,3,FALSE()),5) -> 15 | I99: =IF(E99>0,E99,H99) -> 5 | J99: =IF(F99>0,F99,H99) -> 2 | K99: =I99/7 -> 0.71428571 | L99: =J99/7 -> 0.28571429
A100: =ITEM_MASTER_CLEAN!A100 -> 99 | B100: =ITEM_MASTER_CLEAN!B100 -> 15429 | C100: =ITEM_MASTER_CLEAN!C100 -> ICE CREAM CHERRY CHEESECAKE 11.4L | D100: =ITEM_MASTER_CLEAN!D100 -> CREME GLACEE DUR & SORBETS 11.4L | E100: 5 | F100: 1 | G100: =IFERROR(VLOOKUP(D100,SETTINGS!A20:B41,2,FALSE()),"Medium") -> Fast | H100: =IFERROR(VLOOKUP(G100,SETTINGS!A14:C16,3,FALSE()),5) -> 15 | I100: =IF(E100>0,E100,H100) -> 5 | J100: =IF(F100>0,F100,H100) -> 1 | K100: =I100/7 -> 0.71428571 | L100: =J100/7 -> 0.14285714
...

Sheet PAR_LEVELS
A1: # | B1: Code | C1: Description | D1: Category Speed | E1: Avg Daily OAK | F1: Avg Daily HP | G1: Coverage Days | H1: Par OAK (raw) | I1: Par HP (raw) | J1: Par OAK (capped) | K1: Par HP (capped)
A2: =DEMAND_MODEL!A2 -> 1 | B2: =DEMAND_MODEL!B2 -> 62966 | C2: =DEMAND_MODEL!C2 -> 9 CAKE WHITE LAYER 8" 24X354G | D2: =DEMAND_MODEL!G2 -> Medium | E2: =DEMAND_MODEL!K2 -> 0.14285714 | F2: =DEMAND_MODEL!L2 -> 0.42857143 | G2: =IFERROR(VLOOKUP(D2,SETTINGS!A14:B16,2,FALSE()),14) -> 14 | H2: =E2*(LeadTime+ReorderCycle+SafetyDays) -> 1.8571429 | I2: =F2*(LeadTime+ReorderCycle+SafetyDays) -> 5.5714286 | J2: =IF(D2="Slow",MIN(H2,SlowMoverCap),H2) -> 1.8571429 | K2: =IF(D2="Slow",MIN(I2,SlowMoverCap),I2) -> 5.5714286
A3: =DEMAND_MODEL!A3 -> 2 | B3: =DEMAND_MODEL!B3 -> 62967 | C3: =DEMAND_MODEL!C3 -> 9 CAKE CHOC LAYER 8" 24X354G | D3: =DEMAND_MODEL!G3 -> Medium | E3: =DEMAND_MODEL!K3 -> 0.57142857 | F3: =DEMAND_MODEL!L3 -> 0.14285714 | G3: =IFERROR(VLOOKUP(D3,SETTINGS!A14:B16,2,FALSE()),14) -> 14 | H3: =E3*(LeadTime+ReorderCycle+SafetyDays) -> 7.4285714 | I3: =F3*(LeadTime+ReorderCycle+SafetyDays) -> 1.8571429 | J3: =IF(D3="Slow",MIN(H3,SlowMoverCap),H3) -> 7.4285714 | K3: =IF(D3="Slow",MIN(I3,SlowMoverCap),I3) -> 1.8571429
A4: =DEMAND_MODEL!A4 -> 3 | B4: =DEMAND_MODEL!B4 -> 62963 | C4: =DEMAND_MODEL!C4 -> ICING PRE-WHIPPED VANILLA 6.8K | D4: =DEMAND_MODEL!G4 -> Medium | E4: =DEMAND_MODEL!K4 -> 0.28571429 | F4: =DEMAND_MODEL!L4 -> 0.28571429 | G4: =IFERROR(VLOOKUP(D4,SETTINGS!A14:B16,2,FALSE()),14) -> 14 | H4: =E4*(LeadTime+ReorderCycle+SafetyDays) -> 3.7142857 | I4: =F4*(LeadTime+ReorderCycle+SafetyDays) -> 3.7142857 | J4: =IF(D4="Slow",MIN(H4,SlowMoverCap),H4) -> 3.7142857 | K4: =IF(D4="Slow",MIN(I4,SlowMoverCap),I4) -> 3.7142857
A5: =DEMAND_MODEL!A5 -> 4 | B5: =DEMAND_MODEL!B5 -> 22400 | C5: =DEMAND_MODEL!C5 -> LADIP LABEL CHOCOLATE CAKE 1RLX50UN | D5: =DEMAND_MODEL!G5 -> Medium | E5: =DEMAND_MODEL!K5 -> 0.42857143 | F5: =DEMAND_MODEL!L5 -> 0.14285714 | G5: =IFERROR(VLOOKUP(D5,SETTINGS!A14:B16,2,FALSE()),14) -> 14 | H5: =E5*(LeadTime+ReorderCycle+SafetyDays) -> 5.5714286 | I5: =F5*(LeadTime+ReorderCycle+SafetyDays) -> 1.8571429 | J5: =IF(D5="Slow",MIN(H5,SlowMoverCap),H5) -> 5.5714286 | K5: =IF(D5="Slow",MIN(I5,SlowMoverCap),I5) -> 1.8571429
A6: =DEMAND_MODEL!A6 -> 5 | B6: =DEMAND_MODEL!B6 -> 22401 | C6: =DEMAND_MODEL!C6 -> LADIP LABEL BIRTHDAY CAKE 1RLX50UN | D6: =DEMAND_MODEL!G6 -> Medium | E6: =DEMAND_MODEL!K6 -> 0.57142857 | F6: =DEMAND_MODEL!L6 -> 0.14285714 | G6: =IFERROR(VLOOKUP(D6,SETTINGS!A14:B16,2,FALSE()),14) -> 14 | H6: =E6*(LeadTime+ReorderCycle+SafetyDays) -> 7.4285714 | I6: =F6*(LeadTime+ReorderCycle+SafetyDays) -> 1.8571429 | J6: =IF(D6="Slow",MIN(H6,SlowMoverCap),H6) -> 7.4285714 | K6: =IF(D6="Slow",MIN(I6,SlowMoverCap),I6) -> 1.8571429
A7: =DEMAND_MODEL!A7 -> 6 | B7: =DEMAND_MODEL!B7 -> 22402 | C7: =DEMAND_MODEL!C7 -> LADIP LABEL COOKIE & CREAM CAKE 1RL | D7: =DEMAND_MODEL!G7 -> Medium | E7: =DEMAND_MODEL!K7 -> 0.28571429 | F7: =DEMAND_MODEL!L7 -> 0.28571429 | G7: =IFERROR(VLOOKUP(D7,SETTINGS!A14:B16,2,FALSE()),14) -> 14 | H7: =E7*(LeadTime+ReorderCycle+SafetyDays) -> 3.7142857 | I7: =F7*(LeadTime+ReorderCycle+SafetyDays) -> 3.7142857 | J7: =IF(D7="Slow",MIN(H7,SlowMoverCap),H7) -> 3.7142857 | K7: =IF(D7="Slow",MIN(I7,SlowMoverCap),I7) -> 3.7142857
A8: =DEMAND_MODEL!A8 -> 7 | B8: =DEMAND_MODEL!B8 -> 22406 | C8: =DEMAND_MODEL!C8 -> LADIP LABEL SALTD CARAMEL CAKE 1RL | D8: =DEMAND_MODEL!G8 -> Medium | E8: =DEMAND_MODEL!K8 -> 0.42857143 | F8: =DEMAND_MODEL!L8 -> 0.14285714 | G8: =IFERROR(VLOOKUP(D8,SETTINGS!A14:B16,2,FALSE()),14) -> 14 | H8: =E8*(LeadTime+ReorderCycle+SafetyDays) -> 5.5714286 | I8: =F8*(LeadTime+ReorderCycle+SafetyDays) -> 1.8571429 | J8: =IF(D8="Slow",MIN(H8,SlowMoverCap),H8) -> 5.5714286 | K8: =IF(D8="Slow",MIN(I8,SlowMoverCap),I8) -> 1.8571429
A9: =DEMAND_MODEL!A9 -> 8 | B9: =DEMAND_MODEL!B9 -> 22407 | C9: =DEMAND_MODEL!C9 -> LADIP LABEL STRABERRY CAKE 1RLX50UN | D9: =DEMAND_MODEL!G9 -> Medium | E9: =DEMAND_MODEL!K9 -> 0.42857143 | F9: =DEMAND_MODEL!L9 -> 0.42857143 | G9: =IFERROR(VLOOKUP(D9,SETTINGS!A14:B16,2,FALSE()),14) -> 14 | H9: =E9*(LeadTime+ReorderCycle+SafetyDays) -> 5.5714286 | I9: =F9*(LeadTime+ReorderCycle+SafetyDays) -> 5.5714286 | J9: =IF(D9="Slow",MIN(H9,SlowMoverCap),H9) -> 5.5714286 | K9: =IF(D9="Slow",MIN(I9,SlowMoverCap),I9) -> 5.5714286
A10: =DEMAND_MODEL!A10 -> 9 | B10: =DEMAND_MODEL!B10 -> 25800 | C10: =DEMAND_MODEL!C10 -> CAKE CARDBOARD 8" BLCK GOLD 100 | D10: =DEMAND_MODEL!G10 -> Medium | E10: =DEMAND_MODEL!K10 -> 0.42857143 | F10: =DEMAND_MODEL!L10 -> 0.14285714 | G10: =IFERROR(VLOOKUP(D10,SETTINGS!A14:B16,2,FALSE()),14) -> 14 | H10: =E10*(LeadTime+ReorderCycle+SafetyDays) -> 5.5714286 | I10: =F10*(LeadTime+ReorderCycle+SafetyDays) -> 1.8571429 | J10: =IF(D10="Slow",MIN(H10,SlowMoverCap),H10) -> 5.5714286 | K10: =IF(D10="Slow",MIN(I10,SlowMoverCap),I10) -> 1.8571429
A11: =DEMAND_MODEL!A11 -> 10 | B11: =DEMAND_MODEL!B11 -> 25802 | C11: =DEMAND_MODEL!C11 -> ACETATE ROLL 3.5"X1250" 4MM 1RL | D11: =DEMAND_MODEL!G11 -> Medium | E11: =DEMAND_MODEL!K11 -> 0.42857143 | F11: =DEMAND_MODEL!L11 -> 0.42857143 | G11: =IFERROR(VLOOKUP(D11,SETTINGS!A14:B16,2,FALSE()),14) -> 14 | H11: =E11*(LeadTime+ReorderCycle+SafetyDays) -> 5.5714286 | I11: =F11*(LeadTime+ReorderCycle+SafetyDays) -> 5.5714286 | J11: =IF(D11="Slow",MIN(H11,SlowMoverCap),H11) -> 5.5714286 | K11: =IF(D11="Slow",MIN(I11,SlowMoverCap),I11) -> 5.5714286
A12: =DEMAND_MODEL!A12 -> 11 | B12: =DEMAND_MODEL!B12 -> 19689 | C12: =DEMAND_MODEL!C12 -> CAKE CUPCAKE BLACKOUT 8X4UN | D12: =DEMAND_MODEL!G12 -> Medium | E12: =DEMAND_MODEL!K12 -> 0.14285714 | F12: =DEMAND_MODEL!L12 -> 0.14285714 | G12: =IFERROR(VLOOKUP(D12,SETTINGS!A14:B16,2,FALSE()),14) -> 14 | H12: =E12*(LeadTime+ReorderCycle+SafetyDays) -> 1.8571429 | I12: =F12*(LeadTime+ReorderCycle+SafetyDays) -> 1.8571429 | J12: =IF(D12="Slow",MIN(H12,SlowMoverCap),H12) -> 1.8571429 | K12: =IF(D12="Slow",MIN(I12,SlowMoverCap),I12) -> 1.8571429
A13: =DEMAND_MODEL!A13 -> 12 | B13: =DEMAND_MODEL!B13 -> 19692 | C13: =DEMAND_MODEL!C13 -> CAKE CUPCAKE RED VELVET 8X4UN | D13: =DEMAND_MODEL!G13 -> Medium | E13: =DEMAND_MODEL!K13 -> 0.28571429 | F13: =DEMAND_MODEL!L13 -> 0.14285714 | G13: =IFERROR(VLOOKUP(D13,SETTINGS!A14:B16,2,FALSE()),14) -> 14 | H13: =E13*(LeadTime+ReorderCycle+SafetyDays) -> 3.7142857 | I13: =F13*(LeadTime+ReorderCycle+SafetyDays) -> 1.8571429 | J13: =IF(D13="Slow",MIN(H13,SlowMoverCap),H13) -> 3.7142857 | K13: =IF(D13="Slow",MIN(I13,SlowMoverCap),I13) -> 1.8571429
A14: =DEMAND_MODEL!A14 -> 13 | B14: =DEMAND_MODEL!B14 -> 19693 | C14: =DEMAND_MODEL!C14 -> CAKE CUPCAKE VANILLA BEAN 8X4UN | D14: =DEMAND_MODEL!G14 -> Medium | E14: =DEMAND_MODEL!K14 -> 0.14285714 | F14: =DEMAND_MODEL!L14 -> 0.28571429 | G14: =IFERROR(VLOOKUP(D14,SETTINGS!A14:B16,2,FALSE()),14) -> 14 | H14: =E14*(LeadTime+ReorderCycle+SafetyDays) -> 1.8571429 | I14: =F14*(LeadTime+ReorderCycle+SafetyDays) -> 3.7142857 | J14: =IF(D14="Slow",MIN(H14,SlowMoverCap),H14) -> 1.8571429 | K14: =IF(D14="Slow",MIN(I14,SlowMoverCap),I14) -> 3.7142857
A15: =DEMAND_MODEL!A15 -> 14 | B15: =DEMAND_MODEL!B15 -> 19688 | C15: =DEMAND_MODEL!C15 -> CAKE CHEESE ORIGINAL 6X6" | D15: =DEMAND_MODEL!G15 -> Medium | E15: =DEMAND_MODEL!K15 -> 0.14285714 | F15: =DEMAND_MODEL!L15 -> 0.28571429 | G15: =IFERROR(VLOOKUP(D15,SETTINGS!A14:B16,2,FALSE()),14) -> 14 | H15: =E15*(LeadTime+ReorderCycle+SafetyDays) -> 1.8571429 | I15: =F15*(LeadTime+ReorderCycle+SafetyDays) -> 3.7142857 | J15: =IF(D15="Slow",MIN(H15,SlowMoverCap),H15) -> 1.8571429 | K15: =IF(D15="Slow",MIN(I15,SlowMoverCap),I15) -> 3.7142857
A16: =DEMAND_MODEL!A16 -> 15 | B16: =DEMAND_MODEL!B16 -> 19687 | C16: =DEMAND_MODEL!C16 -> CAKE CHEESE WHT CHOC/RASP 6X6" | D16: =DEMAND_MODEL!G16 -> Medium | E16: =DEMAND_MODEL!K16 -> 0.42857143 | F16: =DEMAND_MODEL!L16 -> 0.28571429 | G16: =IFERROR(VLOOKUP(D16,SETTINGS!A14:B16,2,FALSE()),14) -> 14 | H16: =E16*(LeadTime+ReorderCycle+SafetyDays) -> 5.5714286 | I16: =F16*(LeadTime+ReorderCycle+SafetyDays) -> 3.7142857 | J16: =IF(D16="Slow",MIN(H16,SlowMoverCap),H16) -> 5.5714286 | K16: =IF(D16="Slow",MIN(I16,SlowMoverCap),I16) -> 3.7142857
A17: =DEMAND_MODEL!A17 -> 16 | B17: =DEMAND_MODEL!B17 -> 19685 | C17: =DEMAND_MODEL!C17 -> CAKE CHEESE CHOC MOUSSE 6X6" | D17: =DEMAND_MODEL!G17 -> Medium | E17: =DEMAND_MODEL!K17 -> 0.14285714 | F17: =DEMAND_MODEL!L17 -> 0.14285714 | G17: =IFERROR(VLOOKUP(D17,SETTINGS!A14:B16,2,FALSE()),14) -> 14 | H17: =E17*(LeadTime+ReorderCycle+SafetyDays) -> 1.8571429 | I17: =F17*(LeadTime+ReorderCycle+SafetyDays) -> 1.8571429 | J17: =IF(D17="Slow",MIN(H17,SlowMoverCap),H17) -> 1.8571429 | K17: =IF(D17="Slow",MIN(I17,SlowMoverCap),I17) -> 1.8571429
A18: =DEMAND_MODEL!A18 -> 17 | B18: =DEMAND_MODEL!B18 -> 19628 | C18: =DEMAND_MODEL!C18 -> CAKE CHEESE CAKE FACTORY 2X14UN | D18: =DEMAND_MODEL!G18 -> Medium | E18: =DEMAND_MODEL!K18 -> 0.28571429 | F18: =DEMAND_MODEL!L18 -> 0.14285714 | G18: =IFERROR(VLOOKUP(D18,SETTINGS!A14:B16,2,FALSE()),14) -> 14 | H18: =E18*(LeadTime+ReorderCycle+SafetyDays) -> 3.7142857 | I18: =F18*(LeadTime+ReorderCycle+SafetyDays) -> 1.8571429 | J18: =IF(D18="Slow",MIN(H18,SlowMoverCap),H18) -> 3.7142857 | K18: =IF(D18="Slow",MIN(I18,SlowMoverCap),I18) -> 1.8571429
A19: =DEMAND_MODEL!A19 -> 18 | B19: =DEMAND_MODEL!B19 -> 16992 | C19: =DEMAND_MODEL!C19 -> CAKE CHEESE MANGO LIME X2 | D19: =DEMAND_MODEL!G19 -> Medium | E19: =DEMAND_MODEL!K19 -> 0.14285714 | F19: =DEMAND_MODEL!L19 -> 0.28571429 | G19: =IFERROR(VLOOKUP(D19,SETTINGS!A14:B16,2,FALSE()),14) -> 14 | H19: =E19*(LeadTime+ReorderCycle+SafetyDays) -> 1.8571429 | I19: =F19*(LeadTime+ReorderCycle+SafetyDays) -> 3.7142857 | J19: =IF(D19="Slow",MIN(H19,SlowMoverCap),H19) -> 1.8571429 | K19: =IF(D19="Slow",MIN(I19,SlowMoverCap),I19) -> 3.7142857
A20: =DEMAND_MODEL!A20 -> 19 | B20: =DEMAND_MODEL!B20 -> 16995 | C20: =DEMAND_MODEL!C20 -> CAKE CHEESE CINNABON X2 | D20: =DEMAND_MODEL!G20 -> Medium | E20: =DEMAND_MODEL!K20 -> 0.14285714 | F20: =DEMAND_MODEL!L20 -> 0.28571429 | G20: =IFERROR(VLOOKUP(D20,SETTINGS!A14:B16,2,FALSE()),14) -> 14 | H20: =E20*(LeadTime+ReorderCycle+SafetyDays) -> 1.8571429 | I20: =F20*(LeadTime+ReorderCycle+SafetyDays) -> 3.7142857 | J20: =IF(D20="Slow",MIN(H20,SlowMoverCap),H20) -> 1.8571429 | K20: =IF(D20="Slow",MIN(I20,SlowMoverCap),I20) -> 3.7142857
A21: =DEMAND_MODEL!A21 -> 20 | B21: =DEMAND_MODEL!B21 -> 19629 | C21: =DEMAND_MODEL!C21 -> CAKE GODIVA DBL CHOC CHEESE 2X28PC | D21: =DEMAND_MODEL!G21 -> Medium | E21: =DEMAND_MODEL!K21 -> 0.14285714 | F21: =DEMAND_MODEL!L21 -> 0.28571429 | G21: =IFERROR(VLOOKUP(D21,SETTINGS!A14:B16,2,FALSE()),14) -> 14 | H21: =E21*(LeadTime+ReorderCycle+SafetyDays) -> 1.8571429 | I21: =F21*(LeadTime+ReorderCycle+SafetyDays) -> 3.7142857 | J21: =IF(D21="Slow",MIN(H21,SlowMoverCap),H21) -> 1.8571429 | K21: =IF(D21="Slow",MIN(I21,SlowMoverCap),I21) -> 3.7142857
A22: =DEMAND_MODEL!A22 -> 21 | B22: =DEMAND_MODEL!B22 -> 16993 | C22: =DEMAND_MODEL!C22 -> CAKE CHEESE OREO X2 | D22: =DEMAND_MODEL!G22 -> Medium | E22: =DEMAND_MODEL!K22 -> 0.28571429 | F22: =DEMAND_MODEL!L22 -> 0.28571429 | G22: =IFERROR(VLOOKUP(D22,SETTINGS!A14:B16,2,FALSE()),14) -> 14 | H22: =E22*(LeadTime+ReorderCycle+SafetyDays) -> 3.7142857 | I22: =F22*(LeadTime+ReorderCycle+SafetyDays) -> 3.7142857 | J22: =IF(D22="Slow",MIN(H22,SlowMoverCap),H22) -> 3.7142857 | K22: =IF(D22="Slow",MIN(I22,SlowMoverCap),I22) -> 3.7142857
A23: =DEMAND_MODEL!A23 -> 22 | B23: =DEMAND_MODEL!B23 -> 16988 | C23: =DEMAND_MODEL!C23 -> CAKE CHEESE BANANA FOSTER X2 | D23: =DEMAND_MODEL!G23 -> Medium | E23: =DEMAND_MODEL!K23 -> 0.42857143 | F23: =DEMAND_MODEL!L23 -> 0.14285714 | G23: =IFERROR(VLOOKUP(D23,SETTINGS!A14:B16,2,FALSE()),14) -> 14 | H23: =E23*(LeadTime+ReorderCycle+SafetyDays) -> 5.5714286 | I23: =F23*(LeadTime+ReorderCycle+SafetyDays) -> 1.8571429 | J23: =IF(D23="Slow",MIN(H23,SlowMoverCap),H23) -> 5.5714286 | K23: =IF(D23="Slow",MIN(I23,SlowMoverCap),I23) -> 1.8571429
A24: =DEMAND_MODEL!A24 -> 23 | B24: =DEMAND_MODEL!B24 -> 16987 | C24: =DEMAND_MODEL!C24 -> CAKE CHEESE WILD STRWBERRY X2 | D24: =DEMAND_MODEL!G24 -> Medium | E24: =DEMAND_MODEL!K24 -> 0.14285714 | F24: =DEMAND_MODEL!L24 -> 0.28571429 | G24: =IFERROR(VLOOKUP(D24,SETTINGS!A14:B16,2,FALSE()),14) -> 14 | H24: =E24*(LeadTime+ReorderCycle+SafetyDays) -> 1.8571429 | I24: =F24*(LeadTime+ReorderCycle+SafetyDays) -> 3.7142857 | J24: =IF(D24="Slow",MIN(H24,SlowMoverCap),H24) -> 1.8571429 | K24: =IF(D24="Slow",MIN(I24,SlowMoverCap),I24) -> 3.7142857
A25: =DEMAND_MODEL!A25 -> 24 | B25: =DEMAND_MODEL!B25 -> 16994 | C25: =DEMAND_MODEL!C25 -> CAKE CHEESE DULCE DE LECHE X2 | D25: =DEMAND_MODEL!G25 -> Medium | E25: =DEMAND_MODEL!K25 -> 0.42857143 | F25: =DEMAND_MODEL!L25 -> 0.14285714 | G25: =IFERROR(VLOOKUP(D25,SETTINGS!A14:B16,2,FALSE()),14) -> 14 | H25: =E25*(LeadTime+ReorderCycle+SafetyDays) -> 5.5714286 | I25: =F25*(LeadTime+ReorderCycle+SafetyDays) -> 1.8571429 | J25: =IF(D25="Slow",MIN(H25,SlowMoverCap),H25) -> 5.5714286 | K25: =IF(D25="Slow",MIN(I25,SlowMoverCap),I25) -> 1.8571429
A26: =DEMAND_MODEL!A26 -> 25 | B26: =DEMAND_MODEL!B26 -> 19694 | C26: =DEMAND_MODEL!C26 -> CAKE REESE P.BUTTER CHOC 2X28PC | D26: =DEMAND_MODEL!G26 -> Medium | E26: =DEMAND_MODEL!K26 -> 0.14285714 | F26: =DEMAND_MODEL!L26 -> 0.14285714 | G26: =IFERROR(VLOOKUP(D26,SETTINGS!A14:B16,2,FALSE()),14) -> 14 | H26: =E26*(LeadTime+ReorderCycle+SafetyDays) -> 1.8571429 | I26: =F26*(LeadTime+ReorderCycle+SafetyDays) -> 1.8571429 | J26: =IF(D26="Slow",MIN(H26,SlowMoverCap),H26) -> 1.8571429 | K26: =IF(D26="Slow",MIN(I26,SlowMoverCap),I26) -> 1.8571429
A27: =DEMAND_MODEL!A27 -> 26 | B27: =DEMAND_MODEL!B27 -> 16991 | C27: =DEMAND_MODEL!C27 -> CAKE CHEESE RED VELVET X2 | D27: =DEMAND_MODEL!G27 -> Medium | E27: =DEMAND_MODEL!K27 -> 0.42857143 | F27: =DEMAND_MODEL!L27 -> 0.28571429 | G27: =IFERROR(VLOOKUP(D27,SETTINGS!A14:B16,2,FALSE()),14) -> 14 | H27: =E27*(LeadTime+ReorderCycle+SafetyDays) -> 5.5714286 | I27: =F27*(LeadTime+ReorderCycle+SafetyDays) -> 3.7142857 | J27: =IF(D27="Slow",MIN(H27,SlowMoverCap),H27) -> 5.5714286 | K27: =IF(D27="Slow",MIN(I27,SlowMoverCap),I27) -> 3.7142857
A28: =DEMAND_MODEL!A28 -> 27 | B28: =DEMAND_MODEL!B28 -> 16989 | C28: =DEMAND_MODEL!C28 -> CAKE CHEESE TUXEDO MOUSSE X2 | D28: =DEMAND_MODEL!G28 -> Medium | E28: =DEMAND_MODEL!K28 -> 0.14285714 | F28: =DEMAND_MODEL!L28 -> 0.14285714 | G28: =IFERROR(VLOOKUP(D28,SETTINGS!A14:B16,2,FALSE()),14) -> 14 | H28: =E28*(LeadTime+ReorderCycle+SafetyDays) -> 1.8571429 | I28: =F28*(LeadTime+ReorderCycle+SafetyDays) -> 1.8571429 | J28: =IF(D28="Slow",MIN(H28,SlowMoverCap),H28) -> 1.8571429 | K28: =IF(D28="Slow",MIN(I28,SlowMoverCap),I28) -> 1.8571429
A29: =DEMAND_MODEL!A29 -> 28 | B29: =DEMAND_MODEL!B29 -> 19630 | C29: =DEMAND_MODEL!C29 -> CAKE WHITE CHOC RSPBRY CHEESE X2 | D29: =DEMAND_MODEL!G29 -> Medium | E29: =DEMAND_MODEL!K29 -> 0.42857143 | F29: =DEMAND_MODEL!L29 -> 0.14285714 | G29: =IFERROR(VLOOKUP(D29,SETTINGS!A14:B16,2,FALSE()),14) -> 14 | H29: =E29*(LeadTime+ReorderCycle+SafetyDays) -> 5.5714286 | I29: =F29*(LeadTime+ReorderCycle+SafetyDays) -> 1.8571429 | J29: =IF(D29="Slow",MIN(H29,SlowMoverCap),H29) -> 5.5714286 | K29: =IF(D29="Slow",MIN(I29,SlowMoverCap),I29) -> 1.8571429
A30: =DEMAND_MODEL!A30 -> 29 | B30: =DEMAND_MODEL!B30 -> 44985 | C30: =DEMAND_MODEL!C30 -> BISC DOUGH OREO V-VIT0013V 5K | D30: =DEMAND_MODEL!G30 -> Fast | E30: =DEMAND_MODEL!K30 -> 0.85714286 | F30: =DEMAND_MODEL!L30 -> 0.14285714 | G30: =IFERROR(VLOOKUP(D30,SETTINGS!A14:B16,2,FALSE()),14) -> 21 | H30: =E30*(LeadTime+ReorderCycle+SafetyDays) -> 11.142857 | I30: =F30*(LeadTime+ReorderCycle+SafetyDays) -> 1.8571429 | J30: =IF(D30="Slow",MIN(H30,SlowMoverCap),H30) -> 11.142857 | K30: =IF(D30="Slow",MIN(I30,SlowMoverCap),I30) -> 1.8571429
A31: =DEMAND_MODEL!A31 -> 30 | B31: =DEMAND_MODEL!B31 -> 44961 | C31: =DEMAND_MODEL!C31 -> BISC DOUGH BLK CHOCO MED SWEET 5K | D31: =DEMAND_MODEL!G31 -> Fast | E31: =DEMAND_MODEL!K31 -> 0.42857143 | F31: =DEMAND_MODEL!L31 -> 0.42857143 | G31: =IFERROR(VLOOKUP(D31,SETTINGS!A14:B16,2,FALSE()),14) -> 21 | H31: =E31*(LeadTime+ReorderCycle+SafetyDays) -> 5.5714286 | I31: =F31*(LeadTime+ReorderCycle+SafetyDays) -> 5.5714286 | J31: =IF(D31="Slow",MIN(H31,SlowMoverCap),H31) -> 5.5714286 | K31: =IF(D31="Slow",MIN(I31,SlowMoverCap),I31) -> 5.5714286
A32: =DEMAND_MODEL!A32 -> 31 | B32: =DEMAND_MODEL!B32 -> 44962 | C32: =DEMAND_MODEL!C32 -> BISC DOUGH DBL CHOCO PAIL 5K | D32: =DEMAND_MODEL!G32 -> Fast | E32: =DEMAND_MODEL!K32 -> 0.85714286 | F32: =DEMAND_MODEL!L32 -> 0.14285714 | G32: =IFERROR(VLOOKUP(D32,SETTINGS!A14:B16,2,FALSE()),14) -> 21 | H32: =E32*(LeadTime+ReorderCycle+SafetyDays) -> 11.142857 | I32: =F32*(LeadTime+ReorderCycle+SafetyDays) -> 1.8571429 | J32: =IF(D32="Slow",MIN(H32,SlowMoverCap),H32) -> 11.142857 | K32: =IF(D32="Slow",MIN(I32,SlowMoverCap),I32) -> 1.8571429
A33: =DEMAND_MODEL!A33 -> 32 | B33: =DEMAND_MODEL!B33 -> 63927 | C33: =DEMAND_MODEL!C33 -> Bisc PUCK Dbl Choc 160x2oz | D33: =DEMAND_MODEL!G33 -> Fast | E33: =DEMAND_MODEL!K33 -> 0.57142857 | F33: =DEMAND_MODEL!L33 -> 0.42857143 | G33: =IFERROR(VLOOKUP(D33,SETTINGS!A14:B16,2,FALSE()),14) -> 21 | H33: =E33*(LeadTime+ReorderCycle+SafetyDays) -> 7.4285714 | I33: =F33*(LeadTime+ReorderCycle+SafetyDays) -> 5.5714286 | J33: =IF(D33="Slow",MIN(H33,SlowMoverCap),H33) -> 7.4285714 | K33: =IF(D33="Slow",MIN(I33,SlowMoverCap),I33) -> 5.5714286
A34: =DEMAND_MODEL!A34 -> 33 | B34: =DEMAND_MODEL!B34 -> 64106 | C34: =DEMAND_MODEL!C34 -> Bisc PUCK ChocBln/Maca 160x2oz | D34: =DEMAND_MODEL!G34 -> Fast | E34: =DEMAND_MODEL!K34 -> 0.28571429 | F34: =DEMAND_MODEL!L34 -> 0.42857143 | G34: =IFERROR(VLOOKUP(D34,SETTINGS!A14:B16,2,FALSE()),14) -> 21 | H34: =E34*(LeadTime+ReorderCycle+SafetyDays) -> 3.7142857 | I34: =F34*(LeadTime+ReorderCycle+SafetyDays) -> 5.5714286 | J34: =IF(D34="Slow",MIN(H34,SlowMoverCap),H34) -> 3.7142857 | K34: =IF(D34="Slow",MIN(I34,SlowMoverCap),I34) -> 5.5714286
A35: =DEMAND_MODEL!A35 -> 34 | B35: =DEMAND_MODEL!B35 -> 63934 | C35: =DEMAND_MODEL!C35 -> Bisc PUCK ChocChunk 160x2oz | D35: =DEMAND_MODEL!G35 -> Fast | E35: =DEMAND_MODEL!K35 -> 0.42857143 | F35: =DEMAND_MODEL!L35 -> 0.42857143 | G35: =IFERROR(VLOOKUP(D35,SETTINGS!A14:B16,2,FALSE()),14) -> 21 | H35: =E35*(LeadTime+ReorderCycle+SafetyDays) -> 5.5714286 | I35: =F35*(LeadTime+ReorderCycle+SafetyDays) -> 5.5714286 | J35: =IF(D35="Slow",MIN(H35,SlowMoverCap),H35) -> 5.5714286 | K35: =IF(D35="Slow",MIN(I35,SlowMoverCap),I35) -> 5.5714286
A36: =DEMAND_MODEL!A36 -> 35 | B36: =DEMAND_MODEL!B36 -> 12596 | C36: =DEMAND_MODEL!C36 -> MTY TREAT FOR DOGS 24UN | D36: =DEMAND_MODEL!G36 -> Fast | E36: =DEMAND_MODEL!K36 -> 0.57142857 | F36: =DEMAND_MODEL!L36 -> 0.14285714 | G36: =IFERROR(VLOOKUP(D36,SETTINGS!A14:B16,2,FALSE()),14) -> 21 | H36: =E36*(LeadTime+ReorderCycle+SafetyDays) -> 7.4285714 | I36: =F36*(LeadTime+ReorderCycle+SafetyDays) -> 1.8571429 | J36: =IF(D36="Slow",MIN(H36,SlowMoverCap),H36) -> 7.4285714 | K36: =IF(D36="Slow",MIN(I36,SlowMoverCap),I36) -> 1.8571429
A37: =DEMAND_MODEL!A37 -> 36 | B37: =DEMAND_MODEL!B37 -> 48219 | C37: =DEMAND_MODEL!C37 -> BISC LOTUS BISCOFF 10X250G | D37: =DEMAND_MODEL!G37 -> Fast | E37: =DEMAND_MODEL!K37 -> 0.71428571 | F37: =DEMAND_MODEL!L37 -> 0.57142857 | G37: =IFERROR(VLOOKUP(D37,SETTINGS!A14:B16,2,FALSE()),14) -> 21 | H37: =E37*(LeadTime+ReorderCycle+SafetyDays) -> 9.2857143 | I37: =F37*(LeadTime+ReorderCycle+SafetyDays) -> 7.4285714 | J37: =IF(D37="Slow",MIN(H37,SlowMoverCap),H37) -> 9.2857143 | K37: =IF(D37="Slow",MIN(I37,SlowMoverCap),I37) -> 7.4285714
A38: =DEMAND_MODEL!A38 -> 37 | B38: =DEMAND_MODEL!B38 -> 39811 | C38: =DEMAND_MODEL!C38 -> DONUT REGULAR 00726 140X28G | D38: =DEMAND_MODEL!G38 -> Medium | E38: =DEMAND_MODEL!K38 -> 0.57142857 | F38: =DEMAND_MODEL!L38 -> 0.14285714 | G38: =IFERROR(VLOOKUP(D38,SETTINGS!A14:B16,2,FALSE()),14) -> 14 | H38: =E38*(LeadTime+ReorderCycle+SafetyDays) -> 7.4285714 | I38: =F38*(LeadTime+ReorderCycle+SafetyDays) -> 1.8571429 | J38: =IF(D38="Slow",MIN(H38,SlowMoverCap),H38) -> 7.4285714 | K38: =IF(D38="Slow",MIN(I38,SlowMoverCap),I38) -> 1.8571429
A39: =DEMAND_MODEL!A39 -> 38 | B39: =DEMAND_MODEL!B39 -> 43328 | C39: =DEMAND_MODEL!C39 -> DONUT MINI VANILLA 2442 300X12G | D39: =DEMAND_MODEL!G39 -> Medium | E39: =DEMAND_MODEL!K39 -> 0.42857143 | F39: =DEMAND_MODEL!L39 -> 0.42857143 | G39: =IFERROR(VLOOKUP(D39,SETTINGS!A14:B16,2,FALSE()),14) -> 14 | H39: =E39*(LeadTime+ReorderCycle+SafetyDays) -> 5.5714286 | I39: =F39*(LeadTime+ReorderCycle+SafetyDays) -> 5.5714286 | J39: =IF(D39="Slow",MIN(H39,SlowMoverCap),H39) -> 5.5714286 | K39: =IF(D39="Slow",MIN(I39,SlowMoverCap),I39) -> 5.5714286
A40: =DEMAND_MODEL!A40 -> 39 | B40: =DEMAND_MODEL!B40 -> 50170 | C40: =DEMAND_MODEL!C40 -> MTY CHOC FF 3100051 5X1L | D40: =DEMAND_MODEL!G40 -> Medium | E40: =DEMAND_MODEL!K40 -> 0.28571429 | F40: =DEMAND_MODEL!L40 -> 0.28571429 | G40: =IFERROR(VLOOKUP(D40,SETTINGS!A14:B16,2,FALSE()),14) -> 14 | H40: =E40*(LeadTime+ReorderCycle+SafetyDays) -> 3.7142857 | I40: =F40*(LeadTime+ReorderCycle+SafetyDays) -> 3.7142857 | J40: =IF(D40="Slow",MIN(H40,SlowMoverCap),H40) -> 3.7142857 | K40: =IF(D40="Slow",MIN(I40,SlowMoverCap),I40) -> 3.7142857
A41: =DEMAND_MODEL!A41 -> 40 | B41: =DEMAND_MODEL!B41 -> 50010 | C41: =DEMAND_MODEL!C41 -> SCE CARAMEL REG MCL 5X1L | D41: =DEMAND_MODEL!G41 -> Medium | E41: =DEMAND_MODEL!K41 -> 0.28571429 | F41: =DEMAND_MODEL!L41 -> 0.28571429 | G41: =IFERROR(VLOOKUP(D41,SETTINGS!A14:B16,2,FALSE()),14) -> 14 | H41: =E41*(LeadTime+ReorderCycle+SafetyDays) -> 3.7142857 | I41: =F41*(LeadTime+ReorderCycle+SafetyDays) -> 3.7142857 | J41: =IF(D41="Slow",MIN(H41,SlowMoverCap),H41) -> 3.7142857 | K41: =IF(D41="Slow",MIN(I41,SlowMoverCap),I41) -> 3.7142857
A42: =DEMAND_MODEL!A42 -> 41 | B42: =DEMAND_MODEL!B42 -> 50166 | C42: =DEMAND_MODEL!C42 -> MTY fraise fr flow 10x1L | D42: =DEMAND_MODEL!G42 -> Medium | E42: =DEMAND_MODEL!K42 -> 0.42857143 | F42: =DEMAND_MODEL!L42 -> 0.28571429 | G42: =IFERROR(VLOOKUP(D42,SETTINGS!A14:B16,2,FALSE()),14) -> 14 | H42: =E42*(LeadTime+ReorderCycle+SafetyDays) -> 5.5714286 | I42: =F42*(LeadTime+ReorderCycle+SafetyDays) -> 3.7142857 | J42: =IF(D42="Slow",MIN(H42,SlowMoverCap),H42) -> 5.5714286 | K42: =IF(D42="Slow",MIN(I42,SlowMoverCap),I42) -> 3.7142857
A43: =DEMAND_MODEL!A43 -> 42 | B43: =DEMAND_MODEL!B43 -> 19850 | C43: =DEMAND_MODEL!C43 -> SPICE CINNAMON GRND 400G | D43: =DEMAND_MODEL!G43 -> Medium | E43: =DEMAND_MODEL!K43 -> 0.42857143 | F43: =DEMAND_MODEL!L43 -> 0.28571429 | G43: =IFERROR(VLOOKUP(D43,SETTINGS!A14:B16,2,FALSE()),14) -> 14 | H43: =E43*(LeadTime+ReorderCycle+SafetyDays) -> 5.5714286 | I43: =F43*(LeadTime+ReorderCycle+SafetyDays) -> 3.7142857 | J43: =IF(D43="Slow",MIN(H43,SlowMoverCap),H43) -> 5.5714286 | K43: =IF(D43="Slow",MIN(I43,SlowMoverCap),I43) -> 3.7142857
A44: =DEMAND_MODEL!A44 -> 43 | B44: =DEMAND_MODEL!B44 -> 68587 | C44: =DEMAND_MODEL!C44 -> SUGAR SPECIAL FINE K 1X2K | D44: =DEMAND_MODEL!G44 -> Medium | E44: =DEMAND_MODEL!K44 -> 0.28571429 | F44: =DEMAND_MODEL!L44 -> 0.42857143 | G44: =IFERROR(VLOOKUP(D44,SETTINGS!A14:B16,2,FALSE()),14) -> 14 | H44: =E44*(LeadTime+ReorderCycle+SafetyDays) -> 3.7142857 | I44: =F44*(LeadTime+ReorderCycle+SafetyDays) -> 5.5714286 | J44: =IF(D44="Slow",MIN(H44,SlowMoverCap),H44) -> 3.7142857 | K44: =IF(D44="Slow",MIN(I44,SlowMoverCap),I44) -> 5.5714286
A45: =DEMAND_MODEL!A45 -> 44 | B45: =DEMAND_MODEL!B45 -> 65315 | C45: =DEMAND_MODEL!C45 -> SUGAR ICING K 1X1K | D45: =DEMAND_MODEL!G45 -> Medium | E45: =DEMAND_MODEL!K45 -> 0.14285714 | F45: =DEMAND_MODEL!L45 -> 0.28571429 | G45: =IFERROR(VLOOKUP(D45,SETTINGS!A14:B16,2,FALSE()),14) -> 14 | H45: =E45*(LeadTime+ReorderCycle+SafetyDays) -> 1.8571429 | I45: =F45*(LeadTime+ReorderCycle+SafetyDays) -> 3.7142857 | J45: =IF(D45="Slow",MIN(H45,SlowMoverCap),H45) -> 1.8571429 | K45: =IF(D45="Slow",MIN(I45,SlowMoverCap),I45) -> 3.7142857
A46: =DEMAND_MODEL!A46 -> 45 | B46: =DEMAND_MODEL!B46 -> 47526 | C46: =DEMAND_MODEL!C46 -> CREPE DUTCH 105498 100X63G | D46: =DEMAND_MODEL!G46 -> Medium | E46: =DEMAND_MODEL!K46 -> 0.28571429 | F46: =DEMAND_MODEL!L46 -> 0.28571429 | G46: =IFERROR(VLOOKUP(D46,SETTINGS!A14:B16,2,FALSE()),14) -> 14 | H46: =E46*(LeadTime+ReorderCycle+SafetyDays) -> 3.7142857 | I46: =F46*(LeadTime+ReorderCycle+SafetyDays) -> 3.7142857 | J46: =IF(D46="Slow",MIN(H46,SlowMoverCap),H46) -> 3.7142857 | K46: =IF(D46="Slow",MIN(I46,SlowMoverCap),I46) -> 3.7142857
A47: =DEMAND_MODEL!A47 -> 46 | B47: =DEMAND_MODEL!B47 -> 49632 | C47: =DEMAND_MODEL!C47 -> WAFFLE BELGIAN VAN IND.WRAP 80X70G | D47: =DEMAND_MODEL!G47 -> Medium | E47: =DEMAND_MODEL!K47 -> 0.42857143 | F47: =DEMAND_MODEL!L47 -> 0.42857143 | G47: =IFERROR(VLOOKUP(D47,SETTINGS!A14:B16,2,FALSE()),14) -> 14 | H47: =E47*(LeadTime+ReorderCycle+SafetyDays) -> 5.5714286 | I47: =F47*(LeadTime+ReorderCycle+SafetyDays) -> 5.5714286 | J47: =IF(D47="Slow",MIN(H47,SlowMoverCap),H47) -> 5.5714286 | K47: =IF(D47="Slow",MIN(I47,SlowMoverCap),I47) -> 5.5714286
A48: =DEMAND_MODEL!A48 -> 47 | B48: =DEMAND_MODEL!B48 -> 44967 | C48: =DEMAND_MODEL!C48 -> CHOC FONDANT BKD V-FX956 32X105G | D48: =DEMAND_MODEL!G48 -> Medium | E48: =DEMAND_MODEL!K48 -> 0.28571429 | F48: =DEMAND_MODEL!L48 -> 0.42857143 | G48: =IFERROR(VLOOKUP(D48,SETTINGS!A14:B16,2,FALSE()),14) -> 14 | H48: =E48*(LeadTime+ReorderCycle+SafetyDays) -> 3.7142857 | I48: =F48*(LeadTime+ReorderCycle+SafetyDays) -> 5.5714286 | J48: =IF(D48="Slow",MIN(H48,SlowMoverCap),H48) -> 3.7142857 | K48: =IF(D48="Slow",MIN(I48,SlowMoverCap),I48) -> 5.5714286
A49: =DEMAND_MODEL!A49 -> 48 | B49: =DEMAND_MODEL!B49 -> 33785 | C49: =DEMAND_MODEL!C49 -> LADIP CAKE MARSHMELLOW C.DOUGH X2 | D49: =DEMAND_MODEL!G49 -> Medium | E49: =DEMAND_MODEL!K49 -> 0.42857143 | F49: =DEMAND_MODEL!L49 -> 0.28571429 | G49: =IFERROR(VLOOKUP(D49,SETTINGS!A14:B16,2,FALSE()),14) -> 14 | H49: =E49*(LeadTime+ReorderCycle+SafetyDays) -> 5.5714286 | I49: =F49*(LeadTime+ReorderCycle+SafetyDays) -> 3.7142857 | J49: =IF(D49="Slow",MIN(H49,SlowMoverCap),H49) -> 5.5714286 | K49: =IF(D49="Slow",MIN(I49,SlowMoverCap),I49) -> 3.7142857
A50: =DEMAND_MODEL!A50 -> 49 | B50: =DEMAND_MODEL!B50 -> 33784 | C50: =DEMAND_MODEL!C50 -> LADIP CAKE CARNIVAL 10" X2 | D50: =DEMAND_MODEL!G50 -> Medium | E50: =DEMAND_MODEL!K50 -> 0.14285714 | F50: =DEMAND_MODEL!L50 -> 0.28571429 | G50: =IFERROR(VLOOKUP(D50,SETTINGS!A14:B16,2,FALSE()),14) -> 14 | H50: =E50*(LeadTime+ReorderCycle+SafetyDays) -> 1.8571429 | I50: =F50*(LeadTime+ReorderCycle+SafetyDays) -> 3.7142857 | J50: =IF(D50="Slow",MIN(H50,SlowMoverCap),H50) -> 1.8571429 | K50: =IF(D50="Slow",MIN(I50,SlowMoverCap),I50) -> 3.7142857
A51: =DEMAND_MODEL!A51 -> 50 | B51: =DEMAND_MODEL!B51 -> 33780 | C51: =DEMAND_MODEL!C51 -> LADIP CAKE RAINBOW X2 | D51: =DEMAND_MODEL!G51 -> Medium | E51: =DEMAND_MODEL!K51 -> 0.28571429 | F51: =DEMAND_MODEL!L51 -> 0.14285714 | G51: =IFERROR(VLOOKUP(D51,SETTINGS!A14:B16,2,FALSE()),14) -> 14 | H51: =E51*(LeadTime+ReorderCycle+SafetyDays) -> 3.7142857 | I51: =F51*(LeadTime+ReorderCycle+SafetyDays) -> 1.8571429 | J51: =IF(D51="Slow",MIN(H51,SlowMoverCap),H51) -> 3.7142857 | K51: =IF(D51="Slow",MIN(I51,SlowMoverCap),I51) -> 1.8571429
A52: =DEMAND_MODEL!A52 -> 51 | B52: =DEMAND_MODEL!B52 -> 28983 | C52: =DEMAND_MODEL!C52 -> BROWNIE PLAIN 10" 14PC X2 | D52: =DEMAND_MODEL!G52 -> Medium | E52: =DEMAND_MODEL!K52 -> 0.28571429 | F52: =DEMAND_MODEL!L52 -> 0.42857143 | G52: =IFERROR(VLOOKUP(D52,SETTINGS!A14:B16,2,FALSE()),14) -> 14 | H52: =E52*(LeadTime+ReorderCycle+SafetyDays) -> 3.7142857 | I52: =F52*(LeadTime+ReorderCycle+SafetyDays) -> 5.5714286 | J52: =IF(D52="Slow",MIN(H52,SlowMoverCap),H52) -> 3.7142857 | K52: =IF(D52="Slow",MIN(I52,SlowMoverCap),I52) -> 5.5714286
A53: =DEMAND_MODEL!A53 -> 52 | B53: =DEMAND_MODEL!B53 -> 28988 | C53: =DEMAND_MODEL!C53 -> CAKE CARROT BEAUX 10" 14PC | D53: =DEMAND_MODEL!G53 -> Medium | E53: =DEMAND_MODEL!K53 -> 0.57142857 | F53: =DEMAND_MODEL!L53 -> 0.14285714 | G53: =IFERROR(VLOOKUP(D53,SETTINGS!A14:B16,2,FALSE()),14) -> 14 | H53: =E53*(LeadTime+ReorderCycle+SafetyDays) -> 7.4285714 | I53: =F53*(LeadTime+ReorderCycle+SafetyDays) -> 1.8571429 | J53: =IF(D53="Slow",MIN(H53,SlowMoverCap),H53) -> 7.4285714 | K53: =IF(D53="Slow",MIN(I53,SlowMoverCap),I53) -> 1.8571429
A54: =DEMAND_MODEL!A54 -> 53 | B54: =DEMAND_MODEL!B54 -> 28989 | C54: =DEMAND_MODEL!C54 -> CAKE REODELIGHT 10" 16PC | D54: =DEMAND_MODEL!G54 -> Medium | E54: =DEMAND_MODEL!K54 -> 0.57142857 | F54: =DEMAND_MODEL!L54 -> 0.42857143 | G54: =IFERROR(VLOOKUP(D54,SETTINGS!A14:B16,2,FALSE()),14) -> 14 | H54: =E54*(LeadTime+ReorderCycle+SafetyDays) -> 7.4285714 | I54: =F54*(LeadTime+ReorderCycle+SafetyDays) -> 5.5714286 | J54: =IF(D54="Slow",MIN(H54,SlowMoverCap),H54) -> 7.4285714 | K54: =IF(D54="Slow",MIN(I54,SlowMoverCap),I54) -> 5.5714286
A55: =DEMAND_MODEL!A55 -> 54 | B55: =DEMAND_MODEL!B55 -> 28990 | C55: =DEMAND_MODEL!C55 -> CAKE TIRAMISU 9" 12PC | D55: =DEMAND_MODEL!G55 -> Medium | E55: =DEMAND_MODEL!K55 -> 0.57142857 | F55: =DEMAND_MODEL!L55 -> 0.42857143 | G55: =IFERROR(VLOOKUP(D55,SETTINGS!A14:B16,2,FALSE()),14) -> 14 | H55: =E55*(LeadTime+ReorderCycle+SafetyDays) -> 7.4285714 | I55: =F55*(LeadTime+ReorderCycle+SafetyDays) -> 5.5714286 | J55: =IF(D55="Slow",MIN(H55,SlowMoverCap),H55) -> 7.4285714 | K55: =IF(D55="Slow",MIN(I55,SlowMoverCap),I55) -> 5.5714286
A56: =DEMAND_MODEL!A56 -> 55 | B56: =DEMAND_MODEL!B56 -> 28992 | C56: =DEMAND_MODEL!C56 -> CAKE RED VELVET 10" 14PC X1 | D56: =DEMAND_MODEL!G56 -> Medium | E56: =DEMAND_MODEL!K56 -> 0.42857143 | F56: =DEMAND_MODEL!L56 -> 0.42857143 | G56: =IFERROR(VLOOKUP(D56,SETTINGS!A14:B16,2,FALSE()),14) -> 14 | H56: =E56*(LeadTime+ReorderCycle+SafetyDays) -> 5.5714286 | I56: =F56*(LeadTime+ReorderCycle+SafetyDays) -> 5.5714286 | J56: =IF(D56="Slow",MIN(H56,SlowMoverCap),H56) -> 5.5714286 | K56: =IF(D56="Slow",MIN(I56,SlowMoverCap),I56) -> 5.5714286
A57: =DEMAND_MODEL!A57 -> 56 | B57: =DEMAND_MODEL!B57 -> 27030 | C57: =DEMAND_MODEL!C57 -> *NOUVEAU - gât choc décadent 6" 6un | D57: =DEMAND_MODEL!G57 -> Medium | E57: =DEMAND_MODEL!K57 -> 0.14285714 | F57: =DEMAND_MODEL!L57 -> 0.14285714 | G57: =IFERROR(VLOOKUP(D57,SETTINGS!A14:B16,2,FALSE()),14) -> 14 | H57: =E57*(LeadTime+ReorderCycle+SafetyDays) -> 1.8571429 | I57: =F57*(LeadTime+ReorderCycle+SafetyDays) -> 1.8571429 | J57: =IF(D57="Slow",MIN(H57,SlowMoverCap),H57) -> 1.8571429 | K57: =IF(D57="Slow",MIN(I57,SlowMoverCap),I57) -> 1.8571429
A58: =DEMAND_MODEL!A58 -> 57 | B58: =DEMAND_MODEL!B58 -> 27031 | C58: =DEMAND_MODEL!C58 -> *NOUVEAU - gât choc-noiset. 6" 6un | D58: =DEMAND_MODEL!G58 -> Medium | E58: =DEMAND_MODEL!K58 -> 0.57142857 | F58: =DEMAND_MODEL!L58 -> 0.28571429 | G58: =IFERROR(VLOOKUP(D58,SETTINGS!A14:B16,2,FALSE()),14) -> 14 | H58: =E58*(LeadTime+ReorderCycle+SafetyDays) -> 7.4285714 | I58: =F58*(LeadTime+ReorderCycle+SafetyDays) -> 3.7142857 | J58: =IF(D58="Slow",MIN(H58,SlowMoverCap),H58) -> 7.4285714 | K58: =IF(D58="Slow",MIN(I58,SlowMoverCap),I58) -> 3.7142857
A59: =DEMAND_MODEL!A59 -> 58 | B59: =DEMAND_MODEL!B59 -> 27032 | C59: =DEMAND_MODEL!C59 -> *NOUVEAU - gât Mangue Msse 6" 6un | D59: =DEMAND_MODEL!G59 -> Medium | E59: =DEMAND_MODEL!K59 -> 0.57142857 | F59: =DEMAND_MODEL!L59 -> 0.28571429 | G59: =IFERROR(VLOOKUP(D59,SETTINGS!A14:B16,2,FALSE()),14) -> 14 | H59: =E59*(LeadTime+ReorderCycle+SafetyDays) -> 7.4285714 | I59: =F59*(LeadTime+ReorderCycle+SafetyDays) -> 3.7142857 | J59: =IF(D59="Slow",MIN(H59,SlowMoverCap),H59) -> 7.4285714 | K59: =IF(D59="Slow",MIN(I59,SlowMoverCap),I59) -> 3.7142857
A60: =DEMAND_MODEL!A60 -> 59 | B60: =DEMAND_MODEL!B60 -> 27033 | C60: =DEMAND_MODEL!C60 -> LADIP CAKE RED BERRY MOUSSE 6" 6UN | D60: =DEMAND_MODEL!G60 -> Medium | E60: =DEMAND_MODEL!K60 -> 0.28571429 | F60: =DEMAND_MODEL!L60 -> 0.28571429 | G60: =IFERROR(VLOOKUP(D60,SETTINGS!A14:B16,2,FALSE()),14) -> 14 | H60: =E60*(LeadTime+ReorderCycle+SafetyDays) -> 3.7142857 | I60: =F60*(LeadTime+ReorderCycle+SafetyDays) -> 3.7142857 | J60: =IF(D60="Slow",MIN(H60,SlowMoverCap),H60) -> 3.7142857 | K60: =IF(D60="Slow",MIN(I60,SlowMoverCap),I60) -> 3.7142857
A61: =DEMAND_MODEL!A61 -> 60 | B61: =DEMAND_MODEL!B61 -> 27034 | C61: =DEMAND_MODEL!C61 -> *NOUVEAU -gât d'anniversaire 6"6un | D61: =DEMAND_MODEL!G61 -> Medium | E61: =DEMAND_MODEL!K61 -> 0.28571429 | F61: =DEMAND_MODEL!L61 -> 0.28571429 | G61: =IFERROR(VLOOKUP(D61,SETTINGS!A14:B16,2,FALSE()),14) -> 14 | H61: =E61*(LeadTime+ReorderCycle+SafetyDays) -> 3.7142857 | I61: =F61*(LeadTime+ReorderCycle+SafetyDays) -> 3.7142857 | J61: =IF(D61="Slow",MIN(H61,SlowMoverCap),H61) -> 3.7142857 | K61: =IF(D61="Slow",MIN(I61,SlowMoverCap),I61) -> 3.7142857
A62: =DEMAND_MODEL!A62 -> 61 | B62: =DEMAND_MODEL!B62 -> 28967 | C62: =DEMAND_MODEL!C62 -> PIE KEY LIME GRAHAM 10" KILO 12PC | D62: =DEMAND_MODEL!G62 -> Medium | E62: =DEMAND_MODEL!K62 -> 0.14285714 | F62: =DEMAND_MODEL!L62 -> 0.42857143 | G62: =IFERROR(VLOOKUP(D62,SETTINGS!A14:B16,2,FALSE()),14) -> 14 | H62: =E62*(LeadTime+ReorderCycle+SafetyDays) -> 1.8571429 | I62: =F62*(LeadTime+ReorderCycle+SafetyDays) -> 5.5714286 | J62: =IF(D62="Slow",MIN(H62,SlowMoverCap),H62) -> 1.8571429 | K62: =IF(D62="Slow",MIN(I62,SlowMoverCap),I62) -> 5.5714286
A63: =DEMAND_MODEL!A63 -> 62 | B63: =DEMAND_MODEL!B63 -> 31229 | C63: =DEMAND_MODEL!C63 -> LC ICE CRM MIX VANILLA 2X10L | D63: =DEMAND_MODEL!G63 -> Fast | E63: =DEMAND_MODEL!K63 -> 0.85714286 | F63: =DEMAND_MODEL!L63 -> 0.85714286 | G63: =IFERROR(VLOOKUP(D63,SETTINGS!A14:B16,2,FALSE()),14) -> 21 | H63: =E63*(LeadTime+ReorderCycle+SafetyDays) -> 11.142857 | I63: =F63*(LeadTime+ReorderCycle+SafetyDays) -> 11.142857 | J63: =IF(D63="Slow",MIN(H63,SlowMoverCap),H63) -> 11.142857 | K63: =IF(D63="Slow",MIN(I63,SlowMoverCap),I63) -> 11.142857
A64: =DEMAND_MODEL!A64 -> 63 | B64: =DEMAND_MODEL!B64 -> 36756 | C64: =DEMAND_MODEL!C64 -> LADIP MANGO S/SERVE VEGAN 8X1.89L | D64: =DEMAND_MODEL!G64 -> Fast | E64: =DEMAND_MODEL!K64 -> 0.57142857 | F64: =DEMAND_MODEL!L64 -> 0.71428571 | G64: =IFERROR(VLOOKUP(D64,SETTINGS!A14:B16,2,FALSE()),14) -> 21 | H64: =E64*(LeadTime+ReorderCycle+SafetyDays) -> 7.4285714 | I64: =F64*(LeadTime+ReorderCycle+SafetyDays) -> 9.2857143 | J64: =IF(D64="Slow",MIN(H64,SlowMoverCap),H64) -> 7.4285714 | K64: =IF(D64="Slow",MIN(I64,SlowMoverCap),I64) -> 9.2857143
A65: =DEMAND_MODEL!A65 -> 64 | B65: =DEMAND_MODEL!B65 -> 31231 | C65: =DEMAND_MODEL!C65 -> LC ICE CRM MIX CHOCOLATE 2X10L | D65: =DEMAND_MODEL!G65 -> Fast | E65: =DEMAND_MODEL!K65 -> 1.1428571 | F65: =DEMAND_MODEL!L65 -> 0.57142857 | G65: =IFERROR(VLOOKUP(D65,SETTINGS!A14:B16,2,FALSE()),14) -> 21 | H65: =E65*(LeadTime+ReorderCycle+SafetyDays) -> 14.857143 | I65: =F65*(LeadTime+ReorderCycle+SafetyDays) -> 7.4285714 | J65: =IF(D65="Slow",MIN(H65,SlowMoverCap),H65) -> 14.857143 | K65: =IF(D65="Slow",MIN(I65,SlowMoverCap),I65) -> 7.4285714
A66: =DEMAND_MODEL!A66 -> 65 | B66: =DEMAND_MODEL!B66 -> 30283 | C66: =DEMAND_MODEL!C66 -> BEV MILKSHAKE CARAMILK 12X310ML | D66: =DEMAND_MODEL!G66 -> Fast | E66: =DEMAND_MODEL!K66 -> 1.1428571 | F66: =DEMAND_MODEL!L66 -> 0.42857143 | G66: =IFERROR(VLOOKUP(D66,SETTINGS!A14:B16,2,FALSE()),14) -> 21 | H66: =E66*(LeadTime+ReorderCycle+SafetyDays) -> 14.857143 | I66: =F66*(LeadTime+ReorderCycle+SafetyDays) -> 5.5714286 | J66: =IF(D66="Slow",MIN(H66,SlowMoverCap),H66) -> 14.857143 | K66: =IF(D66="Slow",MIN(I66,SlowMoverCap),I66) -> 5.5714286
A67: =DEMAND_MODEL!A67 -> 66 | B67: =DEMAND_MODEL!B67 -> 30282 | C67: =DEMAND_MODEL!C67 -> BEV MILKSHAKE COFFE CRISP 12X473ML | D67: =DEMAND_MODEL!G67 -> Fast | E67: =DEMAND_MODEL!K67 -> 1.2857143 | F67: =DEMAND_MODEL!L67 -> 0.71428571 | G67: =IFERROR(VLOOKUP(D67,SETTINGS!A14:B16,2,FALSE()),14) -> 21 | H67: =E67*(LeadTime+ReorderCycle+SafetyDays) -> 16.714286 | I67: =F67*(LeadTime+ReorderCycle+SafetyDays) -> 9.2857143 | J67: =IF(D67="Slow",MIN(H67,SlowMoverCap),H67) -> 16.714286 | K67: =IF(D67="Slow",MIN(I67,SlowMoverCap),I67) -> 9.2857143
A68: =DEMAND_MODEL!A68 -> 67 | B68: =DEMAND_MODEL!B68 -> 31225 | C68: =DEMAND_MODEL!C68 -> PRVT MILK HOMO 2L | D68: =DEMAND_MODEL!G68 -> Fast | E68: =DEMAND_MODEL!K68 -> 0.57142857 | F68: =DEMAND_MODEL!L68 -> 0.85714286 | G68: =IFERROR(VLOOKUP(D68,SETTINGS!A14:B16,2,FALSE()),14) -> 21 | H68: =E68*(LeadTime+ReorderCycle+SafetyDays) -> 7.4285714 | I68: =F68*(LeadTime+ReorderCycle+SafetyDays) -> 11.142857 | J68: =IF(D68="Slow",MIN(H68,SlowMoverCap),H68) -> 7.4285714 | K68: =IF(D68="Slow",MIN(I68,SlowMoverCap),I68) -> 11.142857
A69: =DEMAND_MODEL!A69 -> 68 | B69: =DEMAND_MODEL!B69 -> 31227 | C69: =DEMAND_MODEL!C69 -> PRVT MILK CHOCOLATE 2L | D69: =DEMAND_MODEL!G69 -> Fast | E69: =DEMAND_MODEL!K69 -> 1.2857143 | F69: =DEMAND_MODEL!L69 -> 0.57142857 | G69: =IFERROR(VLOOKUP(D69,SETTINGS!A14:B16,2,FALSE()),14) -> 21 | H69: =E69*(LeadTime+ReorderCycle+SafetyDays) -> 16.714286 | I69: =F69*(LeadTime+ReorderCycle+SafetyDays) -> 7.4285714 | J69: =IF(D69="Slow",MIN(H69,SlowMoverCap),H69) -> 16.714286 | K69: =IF(D69="Slow",MIN(I69,SlowMoverCap),I69) -> 7.4285714
A70: =DEMAND_MODEL!A70 -> 69 | B70: =DEMAND_MODEL!B70 -> 31226 | C70: =DEMAND_MODEL!C70 -> PRVT MILK STRAWBERRY 473ML | D70: =DEMAND_MODEL!G70 -> Fast | E70: =DEMAND_MODEL!K70 -> 1.4285714 | F70: =DEMAND_MODEL!L70 -> 0.71428571 | G70: =IFERROR(VLOOKUP(D70,SETTINGS!A14:B16,2,FALSE()),14) -> 21 | H70: =E70*(LeadTime+ReorderCycle+SafetyDays) -> 18.571429 | I70: =F70*(LeadTime+ReorderCycle+SafetyDays) -> 9.2857143 | J70: =IF(D70="Slow",MIN(H70,SlowMoverCap),H70) -> 18.571429 | K70: =IF(D70="Slow",MIN(I70,SlowMoverCap),I70) -> 9.2857143
A71: =DEMAND_MODEL!A71 -> 70 | B71: =DEMAND_MODEL!B71 -> 31221 | C71: =DEMAND_MODEL!C71 -> WHIP CREAM AEROSOL 19% 12X225G | D71: =DEMAND_MODEL!G71 -> Fast | E71: =DEMAND_MODEL!K71 -> 0.85714286 | F71: =DEMAND_MODEL!L71 -> 0.71428571 | G71: =IFERROR(VLOOKUP(D71,SETTINGS!A14:B16,2,FALSE()),14) -> 21 | H71: =E71*(LeadTime+ReorderCycle+SafetyDays) -> 11.142857 | I71: =F71*(LeadTime+ReorderCycle+SafetyDays) -> 9.2857143 | J71: =IF(D71="Slow",MIN(H71,SlowMoverCap),H71) -> 11.142857 | K71: =IF(D71="Slow",MIN(I71,SlowMoverCap),I71) -> 9.2857143
A72: =DEMAND_MODEL!A72 -> 71 | B72: =DEMAND_MODEL!B72 -> 64878 | C72: =DEMAND_MODEL!C72 -> DIPP CUP 16OZ PL 31016MTYL PP* 1M | D72: =DEMAND_MODEL!G72 -> Fast | E72: =DEMAND_MODEL!K72 -> 1 | F72: =DEMAND_MODEL!L72 -> 0.57142857 | G72: =IFERROR(VLOOKUP(D72,SETTINGS!A14:B16,2,FALSE()),14) -> 21 | H72: =E72*(LeadTime+ReorderCycle+SafetyDays) -> 13 | I72: =F72*(LeadTime+ReorderCycle+SafetyDays) -> 7.4285714 | J72: =IF(D72="Slow",MIN(H72,SlowMoverCap),H72) -> 13 | K72: =IF(D72="Slow",MIN(I72,SlowMoverCap),I72) -> 7.4285714
A73: =DEMAND_MODEL!A73 -> 72 | B73: =DEMAND_MODEL!B73 -> 61594 | C73: =DEMAND_MODEL!C73 -> Couv. Plat 16oz 10x100 units | D73: =DEMAND_MODEL!G73 -> Fast | E73: =DEMAND_MODEL!K73 -> 1.2857143 | F73: =DEMAND_MODEL!L73 -> 0.71428571 | G73: =IFERROR(VLOOKUP(D73,SETTINGS!A14:B16,2,FALSE()),14) -> 21 | H73: =E73*(LeadTime+ReorderCycle+SafetyDays) -> 16.714286 | I73: =F73*(LeadTime+ReorderCycle+SafetyDays) -> 9.2857143 | J73: =IF(D73="Slow",MIN(H73,SlowMoverCap),H73) -> 16.714286 | K73: =IF(D73="Slow",MIN(I73,SlowMoverCap),I73) -> 9.2857143
A74: =DEMAND_MODEL!A74 -> 73 | B74: =DEMAND_MODEL!B74 -> 61593 | C74: =DEMAND_MODEL!C74 -> LID 16 OZ DOME W/SPOON HOLE PP X100 | D74: =DEMAND_MODEL!G74 -> Fast | E74: =DEMAND_MODEL!K74 -> 1.2857143 | F74: =DEMAND_MODEL!L74 -> 1 | G74: =IFERROR(VLOOKUP(D74,SETTINGS!A14:B16,2,FALSE()),14) -> 21 | H74: =E74*(LeadTime+ReorderCycle+SafetyDays) -> 16.714286 | I74: =F74*(LeadTime+ReorderCycle+SafetyDays) -> 13 | J74: =IF(D74="Slow",MIN(H74,SlowMoverCap),H74) -> 16.714286 | K74: =IF(D74="Slow",MIN(I74,SlowMoverCap),I74) -> 13
A75: =DEMAND_MODEL!A75 -> 74 | B75: =DEMAND_MODEL!B75 -> 32911 | C75: =DEMAND_MODEL!C75 -> Montreal paper cup 16oz | D75: =DEMAND_MODEL!G75 -> Fast | E75: =DEMAND_MODEL!K75 -> 1.1428571 | F75: =DEMAND_MODEL!L75 -> 0.57142857 | G75: =IFERROR(VLOOKUP(D75,SETTINGS!A14:B16,2,FALSE()),14) -> 21 | H75: =E75*(LeadTime+ReorderCycle+SafetyDays) -> 14.857143 | I75: =F75*(LeadTime+ReorderCycle+SafetyDays) -> 7.4285714 | J75: =IF(D75="Slow",MIN(H75,SlowMoverCap),H75) -> 14.857143 | K75: =IF(D75="Slow",MIN(I75,SlowMoverCap),I75) -> 7.4285714
A76: =DEMAND_MODEL!A76 -> 75 | B76: =DEMAND_MODEL!B76 -> 32912 | C76: =DEMAND_MODEL!C76 -> Montreal 16oz flat lid | D76: =DEMAND_MODEL!G76 -> Fast | E76: =DEMAND_MODEL!K76 -> 0.71428571 | F76: =DEMAND_MODEL!L76 -> 0.42857143 | G76: =IFERROR(VLOOKUP(D76,SETTINGS!A14:B16,2,FALSE()),14) -> 21 | H76: =E76*(LeadTime+ReorderCycle+SafetyDays) -> 9.2857143 | I76: =F76*(LeadTime+ReorderCycle+SafetyDays) -> 5.5714286 | J76: =IF(D76="Slow",MIN(H76,SlowMoverCap),H76) -> 9.2857143 | K76: =IF(D76="Slow",MIN(I76,SlowMoverCap),I76) -> 5.5714286
A77: =DEMAND_MODEL!A77 -> 76 | B77: =DEMAND_MODEL!B77 -> 34434 | C77: =DEMAND_MODEL!C77 -> Montreal 16oz dome lids | D77: =DEMAND_MODEL!G77 -> Fast | E77: =DEMAND_MODEL!K77 -> 0.57142857 | F77: =DEMAND_MODEL!L77 -> 0.42857143 | G77: =IFERROR(VLOOKUP(D77,SETTINGS!A14:B16,2,FALSE()),14) -> 21 | H77: =E77*(LeadTime+ReorderCycle+SafetyDays) -> 7.4285714 | I77: =F77*(LeadTime+ReorderCycle+SafetyDays) -> 5.5714286 | J77: =IF(D77="Slow",MIN(H77,SlowMoverCap),H77) -> 7.4285714 | K77: =IF(D77="Slow",MIN(I77,SlowMoverCap),I77) -> 5.5714286
A78: =DEMAND_MODEL!A78 -> 77 | B78: =DEMAND_MODEL!B78 -> 63815 | C78: =DEMAND_MODEL!C78 -> STRAW 10" PAP BLK JUMBO 8MM WRP 2M | D78: =DEMAND_MODEL!G78 -> Fast | E78: =DEMAND_MODEL!K78 -> 1.4285714 | F78: =DEMAND_MODEL!L78 -> 0.28571429 | G78: =IFERROR(VLOOKUP(D78,SETTINGS!A14:B16,2,FALSE()),14) -> 21 | H78: =E78*(LeadTime+ReorderCycle+SafetyDays) -> 18.571429 | I78: =F78*(LeadTime+ReorderCycle+SafetyDays) -> 3.7142857 | J78: =IF(D78="Slow",MIN(H78,SlowMoverCap),H78) -> 18.571429 | K78: =IF(D78="Slow",MIN(I78,SlowMoverCap),I78) -> 3.7142857
A79: =DEMAND_MODEL!A79 -> 78 | B79: =DEMAND_MODEL!B79 -> 63816 | C79: =DEMAND_MODEL!C79 -> STRAW 7.75"PAPER S/J 8MM BLK WRP 2M | D79: =DEMAND_MODEL!G79 -> Fast | E79: =DEMAND_MODEL!K79 -> 1.2857143 | F79: =DEMAND_MODEL!L79 -> 0.71428571 | G79: =IFERROR(VLOOKUP(D79,SETTINGS!A14:B16,2,FALSE()),14) -> 21 | H79: =E79*(LeadTime+ReorderCycle+SafetyDays) -> 16.714286 | I79: =F79*(LeadTime+ReorderCycle+SafetyDays) -> 9.2857143 | J79: =IF(D79="Slow",MIN(H79,SlowMoverCap),H79) -> 16.714286 | K79: =IF(D79="Slow",MIN(I79,SlowMoverCap),I79) -> 9.2857143
A80: =DEMAND_MODEL!A80 -> 79 | B80: =DEMAND_MODEL!B80 -> 61558 | C80: =DEMAND_MODEL!C80 -> STRAW 8.5" BBL/TEA 12MM WH/PAP 2M | D80: =DEMAND_MODEL!G80 -> Fast | E80: =DEMAND_MODEL!K80 -> 1.2857143 | F80: =DEMAND_MODEL!L80 -> 0.85714286 | G80: =IFERROR(VLOOKUP(D80,SETTINGS!A14:B16,2,FALSE()),14) -> 21 | H80: =E80*(LeadTime+ReorderCycle+SafetyDays) -> 16.714286 | I80: =F80*(LeadTime+ReorderCycle+SafetyDays) -> 11.142857 | J80: =IF(D80="Slow",MIN(H80,SlowMoverCap),H80) -> 16.714286 | K80: =IF(D80="Slow",MIN(I80,SlowMoverCap),I80) -> 11.142857
A81: =DEMAND_MODEL!A81 -> 80 | B81: =DEMAND_MODEL!B81 -> 23511 | C81: =DEMAND_MODEL!C81 -> Nouv CRM GLC BISC MONSTRE 11.4L | D81: =DEMAND_MODEL!G81 -> Fast | E81: =DEMAND_MODEL!K81 -> 0.85714286 | F81: =DEMAND_MODEL!L81 -> 0.57142857 | G81: =IFERROR(VLOOKUP(D81,SETTINGS!A14:B16,2,FALSE()),14) -> 21 | H81: =E81*(LeadTime+ReorderCycle+SafetyDays) -> 11.142857 | I81: =F81*(LeadTime+ReorderCycle+SafetyDays) -> 7.4285714 | J81: =IF(D81="Slow",MIN(H81,SlowMoverCap),H81) -> 11.142857 | K81: =IF(D81="Slow",MIN(I81,SlowMoverCap),I81) -> 7.4285714
A82: =DEMAND_MODEL!A82 -> 81 | B82: =DEMAND_MODEL!B82 -> 15422 | C82: =DEMAND_MODEL!C82 -> ICE CREAM CHOCOLATE 11.4L | D82: =DEMAND_MODEL!G82 -> Fast | E82: =DEMAND_MODEL!K82 -> 0.57142857 | F82: =DEMAND_MODEL!L82 -> 0.42857143 | G82: =IFERROR(VLOOKUP(D82,SETTINGS!A14:B16,2,FALSE()),14) -> 21 | H82: =E82*(LeadTime+ReorderCycle+SafetyDays) -> 7.4285714 | I82: =F82*(LeadTime+ReorderCycle+SafetyDays) -> 5.5714286 | J82: =IF(D82="Slow",MIN(H82,SlowMoverCap),H82) -> 7.4285714 | K82: =IF(D82="Slow",MIN(I82,SlowMoverCap),I82) -> 5.5714286
A83: =DEMAND_MODEL!A83 -> 82 | B83: =DEMAND_MODEL!B83 -> 36840 | C83: =DEMAND_MODEL!C83 -> ICE CREAM COTTON CANDY 11449 11.4L | D83: =DEMAND_MODEL!G83 -> Fast | E83: =DEMAND_MODEL!K83 -> 0.28571429 | F83: =DEMAND_MODEL!L83 -> 0.28571429 | G83: =IFERROR(VLOOKUP(D83,SETTINGS!A14:B16,2,FALSE()),14) -> 21 | H83: =E83*(LeadTime+ReorderCycle+SafetyDays) -> 3.7142857 | I83: =F83*(LeadTime+ReorderCycle+SafetyDays) -> 3.7142857 | J83: =IF(D83="Slow",MIN(H83,SlowMoverCap),H83) -> 3.7142857 | K83: =IF(D83="Slow",MIN(I83,SlowMoverCap),I83) -> 3.7142857
A84: =DEMAND_MODEL!A84 -> 83 | B84: =DEMAND_MODEL!B84 -> 36827 | C84: =DEMAND_MODEL!C84 -> ICE CREAM COOKIE/CRM 11438 11.4L | D84: =DEMAND_MODEL!G84 -> Fast | E84: =DEMAND_MODEL!K84 -> 0.85714286 | F84: =DEMAND_MODEL!L84 -> 0.28571429 | G84: =IFERROR(VLOOKUP(D84,SETTINGS!A14:B16,2,FALSE()),14) -> 21 | H84: =E84*(LeadTime+ReorderCycle+SafetyDays) -> 11.142857 | I84: =F84*(LeadTime+ReorderCycle+SafetyDays) -> 3.7142857 | J84: =IF(D84="Slow",MIN(H84,SlowMoverCap),H84) -> 11.142857 | K84: =IF(D84="Slow",MIN(I84,SlowMoverCap),I84) -> 3.7142857
A85: =DEMAND_MODEL!A85 -> 84 | B85: =DEMAND_MODEL!B85 -> 36830 | C85: =DEMAND_MODEL!C85 -> ICE CREAM CHOC BROWNIE 11446 11.4L | D85: =DEMAND_MODEL!G85 -> Fast | E85: =DEMAND_MODEL!K85 -> 0.42857143 | F85: =DEMAND_MODEL!L85 -> 0.42857143 | G85: =IFERROR(VLOOKUP(D85,SETTINGS!A14:B16,2,FALSE()),14) -> 21 | H85: =E85*(LeadTime+ReorderCycle+SafetyDays) -> 5.5714286 | I85: =F85*(LeadTime+ReorderCycle+SafetyDays) -> 5.5714286 | J85: =IF(D85="Slow",MIN(H85,SlowMoverCap),H85) -> 5.5714286 | K85: =IF(D85="Slow",MIN(I85,SlowMoverCap),I85) -> 5.5714286
A86: =DEMAND_MODEL!A86 -> 85 | B86: =DEMAND_MODEL!B86 -> 36828 | C86: =DEMAND_MODEL!C86 -> ICE CREAM PRALN/CRM 11440 11.4L | D86: =DEMAND_MODEL!G86 -> Fast | E86: =DEMAND_MODEL!K86 -> 0.71428571 | F86: =DEMAND_MODEL!L86 -> 0.42857143 | G86: =IFERROR(VLOOKUP(D86,SETTINGS!A14:B16,2,FALSE()),14) -> 21 | H86: =E86*(LeadTime+ReorderCycle+SafetyDays) -> 9.2857143 | I86: =F86*(LeadTime+ReorderCycle+SafetyDays) -> 5.5714286 | J86: =IF(D86="Slow",MIN(H86,SlowMoverCap),H86) -> 9.2857143 | K86: =IF(D86="Slow",MIN(I86,SlowMoverCap),I86) -> 5.5714286
A87: =DEMAND_MODEL!A87 -> 86 | B87: =DEMAND_MODEL!B87 -> 36837 | C87: =DEMAND_MODEL!C87 -> ICE CREAM RIBAMBL 3-COL 11429 11.4L | D87: =DEMAND_MODEL!G87 -> Fast | E87: =DEMAND_MODEL!K87 -> 0.28571429 | F87: =DEMAND_MODEL!L87 -> 0.28571429 | G87: =IFERROR(VLOOKUP(D87,SETTINGS!A14:B16,2,FALSE()),14) -> 21 | H87: =E87*(LeadTime+ReorderCycle+SafetyDays) -> 3.7142857 | I87: =F87*(LeadTime+ReorderCycle+SafetyDays) -> 3.7142857 | J87: =IF(D87="Slow",MIN(H87,SlowMoverCap),H87) -> 3.7142857 | K87: =IF(D87="Slow",MIN(I87,SlowMoverCap),I87) -> 3.7142857
A88: =DEMAND_MODEL!A88 -> 87 | B88: =DEMAND_MODEL!B88 -> 36835 | C88: =DEMAND_MODEL!C88 -> ICE CREAM MAPLE TAFFY 11426 11.4L | D88: =DEMAND_MODEL!G88 -> Fast | E88: =DEMAND_MODEL!K88 -> 0.57142857 | F88: =DEMAND_MODEL!L88 -> 0.14285714 | G88: =IFERROR(VLOOKUP(D88,SETTINGS!A14:B16,2,FALSE()),14) -> 21 | H88: =E88*(LeadTime+ReorderCycle+SafetyDays) -> 7.4285714 | I88: =F88*(LeadTime+ReorderCycle+SafetyDays) -> 1.8571429 | J88: =IF(D88="Slow",MIN(H88,SlowMoverCap),H88) -> 7.4285714 | K88: =IF(D88="Slow",MIN(I88,SlowMoverCap),I88) -> 1.8571429
A89: =DEMAND_MODEL!A89 -> 88 | B89: =DEMAND_MODEL!B89 -> 36831 | C89: =DEMAND_MODEL!C89 -> ICE CREAM VANILLA 11401 11.4L | D89: =DEMAND_MODEL!G89 -> Fast | E89: =DEMAND_MODEL!K89 -> 1.1428571 | F89: =DEMAND_MODEL!L89 -> 0.57142857 | G89: =IFERROR(VLOOKUP(D89,SETTINGS!A14:B16,2,FALSE()),14) -> 21 | H89: =E89*(LeadTime+ReorderCycle+SafetyDays) -> 14.857143 | I89: =F89*(LeadTime+ReorderCycle+SafetyDays) -> 7.4285714 | J89: =IF(D89="Slow",MIN(H89,SlowMoverCap),H89) -> 14.857143 | K89: =IF(D89="Slow",MIN(I89,SlowMoverCap),I89) -> 7.4285714
A90: =DEMAND_MODEL!A90 -> 89 | B90: =DEMAND_MODEL!B90 -> 15425 | C90: =DEMAND_MODEL!C90 -> ICE CRM COOKIE DGH/CHOC FUDGE 11.4L | D90: =DEMAND_MODEL!G90 -> Fast | E90: =DEMAND_MODEL!K90 -> 0.71428571 | F90: =DEMAND_MODEL!L90 -> 0.14285714 | G90: =IFERROR(VLOOKUP(D90,SETTINGS!A14:B16,2,FALSE()),14) -> 21 | H90: =E90*(LeadTime+ReorderCycle+SafetyDays) -> 9.2857143 | I90: =F90*(LeadTime+ReorderCycle+SafetyDays) -> 1.8571429 | J90: =IF(D90="Slow",MIN(H90,SlowMoverCap),H90) -> 9.2857143 | K90: =IF(D90="Slow",MIN(I90,SlowMoverCap),I90) -> 1.8571429
A91: =DEMAND_MODEL!A91 -> 90 | B91: =DEMAND_MODEL!B91 -> 15424 | C91: =DEMAND_MODEL!C91 -> ICE CREAM MINT CHOC CHIP 11.4L | D91: =DEMAND_MODEL!G91 -> Fast | E91: =DEMAND_MODEL!K91 -> 0.28571429 | F91: =DEMAND_MODEL!L91 -> 0.57142857 | G91: =IFERROR(VLOOKUP(D91,SETTINGS!A14:B16,2,FALSE()),14) -> 21 | H91: =E91*(LeadTime+ReorderCycle+SafetyDays) -> 3.7142857 | I91: =F91*(LeadTime+ReorderCycle+SafetyDays) -> 7.4285714 | J91: =IF(D91="Slow",MIN(H91,SlowMoverCap),H91) -> 3.7142857 | K91: =IF(D91="Slow",MIN(I91,SlowMoverCap),I91) -> 7.4285714
A92: =DEMAND_MODEL!A92 -> 91 | B92: =DEMAND_MODEL!B92 -> 36884 | C92: =DEMAND_MODEL!C92 -> ICE CRM CHOC/CHERRY/AMARETTO 11.4L | D92: =DEMAND_MODEL!G92 -> Fast | E92: =DEMAND_MODEL!K92 -> 0.42857143 | F92: =DEMAND_MODEL!L92 -> 0.42857143 | G92: =IFERROR(VLOOKUP(D92,SETTINGS!A14:B16,2,FALSE()),14) -> 21 | H92: =E92*(LeadTime+ReorderCycle+SafetyDays) -> 5.5714286 | I92: =F92*(LeadTime+ReorderCycle+SafetyDays) -> 5.5714286 | J92: =IF(D92="Slow",MIN(H92,SlowMoverCap),H92) -> 5.5714286 | K92: =IF(D92="Slow",MIN(I92,SlowMoverCap),I92) -> 5.5714286
A93: =DEMAND_MODEL!A93 -> 92 | B93: =DEMAND_MODEL!B93 -> 15426 | C93: =DEMAND_MODEL!C93 -> ICE CRM DBL STRAWBERRY 11407 11.4L | D93: =DEMAND_MODEL!G93 -> Fast | E93: =DEMAND_MODEL!K93 -> 0.85714286 | F93: =DEMAND_MODEL!L93 -> 0.14285714 | G93: =IFERROR(VLOOKUP(D93,SETTINGS!A14:B16,2,FALSE()),14) -> 21 | H93: =E93*(LeadTime+ReorderCycle+SafetyDays) -> 11.142857 | I93: =F93*(LeadTime+ReorderCycle+SafetyDays) -> 1.8571429 | J93: =IF(D93="Slow",MIN(H93,SlowMoverCap),H93) -> 11.142857 | K93: =IF(D93="Slow",MIN(I93,SlowMoverCap),I93) -> 1.8571429
A94: =DEMAND_MODEL!A94 -> 93 | B94: =DEMAND_MODEL!B94 -> 36846 | C94: =DEMAND_MODEL!C94 -> ICE CRM SALTED CARAMEL 11445 11.4L | D94: =DEMAND_MODEL!G94 -> Fast | E94: =DEMAND_MODEL!K94 -> 0.42857143 | F94: =DEMAND_MODEL!L94 -> 0.57142857 | G94: =IFERROR(VLOOKUP(D94,SETTINGS!A14:B16,2,FALSE()),14) -> 21 | H94: =E94*(LeadTime+ReorderCycle+SafetyDays) -> 5.5714286 | I94: =F94*(LeadTime+ReorderCycle+SafetyDays) -> 7.4285714 | J94: =IF(D94="Slow",MIN(H94,SlowMoverCap),H94) -> 5.5714286 | K94: =IF(D94="Slow",MIN(I94,SlowMoverCap),I94) -> 7.4285714
A95: =DEMAND_MODEL!A95 -> 94 | B95: =DEMAND_MODEL!B95 -> 15423 | C95: =DEMAND_MODEL!C95 -> ICE CREAM PISTACHIO 11416 11.4L | D95: =DEMAND_MODEL!G95 -> Fast | E95: =DEMAND_MODEL!K95 -> 0.71428571 | F95: =DEMAND_MODEL!L95 -> 0.28571429 | G95: =IFERROR(VLOOKUP(D95,SETTINGS!A14:B16,2,FALSE()),14) -> 21 | H95: =E95*(LeadTime+ReorderCycle+SafetyDays) -> 9.2857143 | I95: =F95*(LeadTime+ReorderCycle+SafetyDays) -> 3.7142857 | J95: =IF(D95="Slow",MIN(H95,SlowMoverCap),H95) -> 9.2857143 | K95: =IF(D95="Slow",MIN(I95,SlowMoverCap),I95) -> 3.7142857
A96: =DEMAND_MODEL!A96 -> 95 | B96: =DEMAND_MODEL!B96 -> 36824 | C96: =DEMAND_MODEL!C96 -> LC ICE CRM PCN/CARAM/FDG11435 11.4L | D96: =DEMAND_MODEL!G96 -> Fast | E96: =DEMAND_MODEL!K96 -> 0.71428571 | F96: =DEMAND_MODEL!L96 -> 0.42857143 | G96: =IFERROR(VLOOKUP(D96,SETTINGS!A14:B16,2,FALSE()),14) -> 21 | H96: =E96*(LeadTime+ReorderCycle+SafetyDays) -> 9.2857143 | I96: =F96*(LeadTime+ReorderCycle+SafetyDays) -> 5.5714286 | J96: =IF(D96="Slow",MIN(H96,SlowMoverCap),H96) -> 9.2857143 | K96: =IF(D96="Slow",MIN(I96,SlowMoverCap),I96) -> 5.5714286
A97: =DEMAND_MODEL!A97 -> 96 | B97: =DEMAND_MODEL!B97 -> 36833 | C97: =DEMAND_MODEL!C97 -> ICE CREAM BUBBLE GUM 11413 11.4L | D97: =DEMAND_MODEL!G97 -> Fast | E97: =DEMAND_MODEL!K97 -> 0.71428571 | F97: =DEMAND_MODEL!L97 -> 0.28571429 | G97: =IFERROR(VLOOKUP(D97,SETTINGS!A14:B16,2,FALSE()),14) -> 21 | H97: =E97*(LeadTime+ReorderCycle+SafetyDays) -> 9.2857143 | I97: =F97*(LeadTime+ReorderCycle+SafetyDays) -> 3.7142857 | J97: =IF(D97="Slow",MIN(H97,SlowMoverCap),H97) -> 9.2857143 | K97: =IF(D97="Slow",MIN(I97,SlowMoverCap),I97) -> 3.7142857
A98: =DEMAND_MODEL!A98 -> 97 | B98: =DEMAND_MODEL!B98 -> 32183 | C98: =DEMAND_MODEL!C98 -> ICE CREAM MANGO 851 11.4L | D98: =DEMAND_MODEL!G98 -> Fast | E98: =DEMAND_MODEL!K98 -> 0.42857143 | F98: =DEMAND_MODEL!L98 -> 0.28571429 | G98: =IFERROR(VLOOKUP(D98,SETTINGS!A14:B16,2,FALSE()),14) -> 21 | H98: =E98*(LeadTime+ReorderCycle+SafetyDays) -> 5.5714286 | I98: =F98*(LeadTime+ReorderCycle+SafetyDays) -> 3.7142857 | J98: =IF(D98="Slow",MIN(H98,SlowMoverCap),H98) -> 5.5714286 | K98: =IF(D98="Slow",MIN(I98,SlowMoverCap),I98) -> 3.7142857
A99: =DEMAND_MODEL!A99 -> 98 | B99: =DEMAND_MODEL!B99 -> 15427 | C99: =DEMAND_MODEL!C99 -> ICE CREAM RHUM&RAISIN 11.4L | D99: =DEMAND_MODEL!G99 -> Fast | E99: =DEMAND_MODEL!K99 -> 0.71428571 | F99: =DEMAND_MODEL!L99 -> 0.28571429 | G99: =IFERROR(VLOOKUP(D99,SETTINGS!A14:B16,2,FALSE()),14) -> 21 | H99: =E99*(LeadTime+ReorderCycle+SafetyDays) -> 9.2857143 | I99: =F99*(LeadTime+ReorderCycle+SafetyDays) -> 3.7142857 | J99: =IF(D99="Slow",MIN(H99,SlowMoverCap),H99) -> 9.2857143 | K99: =IF(D99="Slow",MIN(I99,SlowMoverCap),I99) -> 3.7142857
A100: =DEMAND_MODEL!A100 -> 99 | B100: =DEMAND_MODEL!B100 -> 15429 | C100: =DEMAND_MODEL!C100 -> ICE CREAM CHERRY CHEESECAKE 11.4L | D100: =DEMAND_MODEL!G100 -> Fast | E100: =DEMAND_MODEL!K100 -> 0.71428571 | F100: =DEMAND_MODEL!L100 -> 0.14285714 | G100: =IFERROR(VLOOKUP(D100,SETTINGS!A14:B16,2,FALSE()),14) -> 21 | H100: =E100*(LeadTime+ReorderCycle+SafetyDays) -> 9.2857143 | I100: =F100*(LeadTime+ReorderCycle+SafetyDays) -> 1.8571429 | J100: =IF(D100="Slow",MIN(H100,SlowMoverCap),H100) -> 9.2857143 | K100: =IF(D100="Slow",MIN(I100,SlowMoverCap),I100) -> 1.8571429
...

Sheet REBALANCE_PLAN
A1: # | B1: Code | C1: Description | D1: Unit Cost | E1: On-Hand OAK | F1: On-Hand HP | G1: Par OAK | H1: Par HP | I1: Surplus OAK | J1: Surplus HP | K1: Deficit OAK | L1: Deficit HP | M1: Transfer Direction | N1: Transfer Qty | O1: Purchase OAK (units) | P1: Purchase HP (units) | Q1: Purchase OAK (cases) | R1: Purchase HP (cases) | S1: Priority Score
A2: =ITEM_MASTER_CLEAN!A2 -> 1 | B2: =ITEM_MASTER_CLEAN!B2 -> 62966 | C2: =ITEM_MASTER_CLEAN!C2 -> 9 CAKE WHITE LAYER 8" 24X354G | D2: =ITEM_MASTER_CLEAN!F2 -> 60.84 | E2: =ITEM_MASTER_CLEAN!H2 -> 1 | F2: =ITEM_MASTER_CLEAN!I2 -> 5 | G2: =PAR_LEVELS!J2 -> 1.8571429 | H2: =PAR_LEVELS!K2 -> 5.5714286 | I2: =MAX(E2-G2,0) -> 0 | J2: =MAX(F2-H2,0) -> 0 | K2: =MAX(G2-E2,0) -> 0.85714286 | L2: =MAX(H2-F2,0) -> 0.57142857 | M2: =IF(AND(I2>TransferMin,L2>0),"OAK→HP",IF(AND(J2>TransferMin,K2>0),"HP→OAK","None")) -> None | N2: =IF(M2="OAK→HP",MIN(I2,L2),IF(M2="HP→OAK",MIN(J2,K2),0)) -> 0 | O2: =MAX(K2-IF(M2="HP→OAK",N2,0),0) -> 0.85714286 | P2: =MAX(L2-IF(M2="OAK→HP",N2,0),0) -> 0.57142857 | Q2: =IF(O2>0,CEILING(O2,ITEM_MASTER_CLEAN!G2),0) -> 24 | R2: =IF(P2>0,CEILING(P2,ITEM_MASTER_CLEAN!G2),0) -> 24 | S2: =IF(G2=0,0,(1-MIN(E2/MAX(G2,1),1))*50+(1-MIN(F2/MAX(H2,1),1))*50) -> 28.205128
A3: =ITEM_MASTER_CLEAN!A3 -> 2 | B3: =ITEM_MASTER_CLEAN!B3 -> 62967 | C3: =ITEM_MASTER_CLEAN!C3 -> 9 CAKE CHOC LAYER 8" 24X354G | D3: =ITEM_MASTER_CLEAN!F3 -> 23.82 | E3: =ITEM_MASTER_CLEAN!H3 -> 11 | F3: =ITEM_MASTER_CLEAN!I3 -> 0 | G3: =PAR_LEVELS!J3 -> 7.4285714 | H3: =PAR_LEVELS!K3 -> 1.8571429 | I3: =MAX(E3-G3,0) -> 3.5714286 | J3: =MAX(F3-H3,0) -> 0 | K3: =MAX(G3-E3,0) -> 0 | L3: =MAX(H3-F3,0) -> 1.8571429 | M3: =IF(AND(I3>TransferMin,L3>0),"OAK→HP",IF(AND(J3>TransferMin,K3>0),"HP→OAK","None")) -> None | N3: =IF(M3="OAK→HP",MIN(I3,L3),IF(M3="HP→OAK",MIN(J3,K3),0)) -> 0 | O3: =MAX(K3-IF(M3="HP→OAK",N3,0),0) -> 0 | P3: =MAX(L3-IF(M3="OAK→HP",N3,0),0) -> 1.8571429 | Q3: =IF(O3>0,CEILING(O3,ITEM_MASTER_CLEAN!G3),0) -> 0 | R3: =IF(P3>0,CEILING(P3,ITEM_MASTER_CLEAN!G3),0) -> 24 | S3: =IF(G3=0,0,(1-MIN(E3/MAX(G3,1),1))*50+(1-MIN(F3/MAX(H3,1),1))*50) -> 50
A4: =ITEM_MASTER_CLEAN!A4 -> 3 | B4: =ITEM_MASTER_CLEAN!B4 -> 62963 | C4: =ITEM_MASTER_CLEAN!C4 -> ICING PRE-WHIPPED VANILLA 6.8K | D4: =ITEM_MASTER_CLEAN!F4 -> 54.51 | E4: =ITEM_MASTER_CLEAN!H4 -> 9 | F4: =ITEM_MASTER_CLEAN!I4 -> 6 | G4: =PAR_LEVELS!J4 -> 3.7142857 | H4: =PAR_LEVELS!K4 -> 3.7142857 | I4: =MAX(E4-G4,0) -> 5.2857143 | J4: =MAX(F4-H4,0) -> 2.2857143 | K4: =MAX(G4-E4,0) -> 0 | L4: =MAX(H4-F4,0) -> 0 | M4: =IF(AND(I4>TransferMin,L4>0),"OAK→HP",IF(AND(J4>TransferMin,K4>0),"HP→OAK","None")) -> None | N4: =IF(M4="OAK→HP",MIN(I4,L4),IF(M4="HP→OAK",MIN(J4,K4),0)) -> 0 | O4: =MAX(K4-IF(M4="HP→OAK",N4,0),0) -> 0 | P4: =MAX(L4-IF(M4="OAK→HP",N4,0),0) -> 0 | Q4: =IF(O4>0,CEILING(O4,ITEM_MASTER_CLEAN!G4),0) -> 0 | R4: =IF(P4>0,CEILING(P4,ITEM_MASTER_CLEAN!G4),0) -> 0 | S4: =IF(G4=0,0,(1-MIN(E4/MAX(G4,1),1))*50+(1-MIN(F4/MAX(H4,1),1))*50) -> 0
A5: =ITEM_MASTER_CLEAN!A5 -> 4 | B5: =ITEM_MASTER_CLEAN!B5 -> 22400 | C5: =ITEM_MASTER_CLEAN!C5 -> LADIP LABEL CHOCOLATE CAKE 1RLX50UN | D5: =ITEM_MASTER_CLEAN!F5 -> 19.55 | E5: =ITEM_MASTER_CLEAN!H5 -> 4 | F5: =ITEM_MASTER_CLEAN!I5 -> 1 | G5: =PAR_LEVELS!J5 -> 5.5714286 | H5: =PAR_LEVELS!K5 -> 1.8571429 | I5: =MAX(E5-G5,0) -> 0 | J5: =MAX(F5-H5,0) -> 0 | K5: =MAX(G5-E5,0) -> 1.5714286 | L5: =MAX(H5-F5,0) -> 0.85714286 | M5: =IF(AND(I5>TransferMin,L5>0),"OAK→HP",IF(AND(J5>TransferMin,K5>0),"HP→OAK","None")) -> None | N5: =IF(M5="OAK→HP",MIN(I5,L5),IF(M5="HP→OAK",MIN(J5,K5),0)) -> 0 | O5: =MAX(K5-IF(M5="HP→OAK",N5,0),0) -> 1.5714286 | P5: =MAX(L5-IF(M5="OAK→HP",N5,0),0) -> 0.85714286 | Q5: =IF(O5>0,CEILING(O5,ITEM_MASTER_CLEAN!G5),0) -> 2 | R5: =IF(P5>0,CEILING(P5,ITEM_MASTER_CLEAN!G5),0) -> 1 | S5: =IF(G5=0,0,(1-MIN(E5/MAX(G5,1),1))*50+(1-MIN(F5/MAX(H5,1),1))*50) -> 37.179487
A6: =ITEM_MASTER_CLEAN!A6 -> 5 | B6: =ITEM_MASTER_CLEAN!B6 -> 22401 | C6: =ITEM_MASTER_CLEAN!C6 -> LADIP LABEL BIRTHDAY CAKE 1RLX50UN | D6: =ITEM_MASTER_CLEAN!F6 -> 23.36 | E6: =ITEM_MASTER_CLEAN!H6 -> 18 | F6: =ITEM_MASTER_CLEAN!I6 -> 4 | G6: =PAR_LEVELS!J6 -> 7.4285714 | H6: =PAR_LEVELS!K6 -> 1.8571429 | I6: =MAX(E6-G6,0) -> 10.571429 | J6: =MAX(F6-H6,0) -> 2.1428571 | K6: =MAX(G6-E6,0) -> 0 | L6: =MAX(H6-F6,0) -> 0 | M6: =IF(AND(I6>TransferMin,L6>0),"OAK→HP",IF(AND(J6>TransferMin,K6>0),"HP→OAK","None")) -> None | N6: =IF(M6="OAK→HP",MIN(I6,L6),IF(M6="HP→OAK",MIN(J6,K6),0)) -> 0 | O6: =MAX(K6-IF(M6="HP→OAK",N6,0),0) -> 0 | P6: =MAX(L6-IF(M6="OAK→HP",N6,0),0) -> 0 | Q6: =IF(O6>0,CEILING(O6,ITEM_MASTER_CLEAN!G6),0) -> 0 | R6: =IF(P6>0,CEILING(P6,ITEM_MASTER_CLEAN!G6),0) -> 0 | S6: =IF(G6=0,0,(1-MIN(E6/MAX(G6,1),1))*50+(1-MIN(F6/MAX(H6,1),1))*50) -> 0
A7: =ITEM_MASTER_CLEAN!A7 -> 6 | B7: =ITEM_MASTER_CLEAN!B7 -> 22402 | C7: =ITEM_MASTER_CLEAN!C7 -> LADIP LABEL COOKIE & CREAM CAKE 1RL | D7: =ITEM_MASTER_CLEAN!F7 -> 18.46 | E7: =ITEM_MASTER_CLEAN!H7 -> 3 | F7: =ITEM_MASTER_CLEAN!I7 -> 3 | G7: =PAR_LEVELS!J7 -> 3.7142857 | H7: =PAR_LEVELS!K7 -> 3.7142857 | I7: =MAX(E7-G7,0) -> 0 | J7: =MAX(F7-H7,0) -> 0 | K7: =MAX(G7-E7,0) -> 0.71428571 | L7: =MAX(H7-F7,0) -> 0.71428571 | M7: =IF(AND(I7>TransferMin,L7>0),"OAK→HP",IF(AND(J7>TransferMin,K7>0),"HP→OAK","None")) -> None | N7: =IF(M7="OAK→HP",MIN(I7,L7),IF(M7="HP→OAK",MIN(J7,K7),0)) -> 0 | O7: =MAX(K7-IF(M7="HP→OAK",N7,0),0) -> 0.71428571 | P7: =MAX(L7-IF(M7="OAK→HP",N7,0),0) -> 0.71428571 | Q7: =IF(O7>0,CEILING(O7,ITEM_MASTER_CLEAN!G7),0) -> 1 | R7: =IF(P7>0,CEILING(P7,ITEM_MASTER_CLEAN!G7),0) -> 1 | S7: =IF(G7=0,0,(1-MIN(E7/MAX(G7,1),1))*50+(1-MIN(F7/MAX(H7,1),1))*50) -> 19.230769
A8: =ITEM_MASTER_CLEAN!A8 -> 7 | B8: =ITEM_MASTER_CLEAN!B8 -> 22406 | C8: =ITEM_MASTER_CLEAN!C8 -> LADIP LABEL SALTD CARAMEL CAKE 1RL | D8: =ITEM_MASTER_CLEAN!F8 -> 19.63 | E8: =ITEM_MASTER_CLEAN!H8 -> 10 | F8: =ITEM_MASTER_CLEAN!I8 -> 0 | G8: =PAR_LEVELS!J8 -> 5.5714286 | H8: =PAR_LEVELS!K8 -> 1.8571429 | I8: =MAX(E8-G8,0) -> 4.4285714 | J8: =MAX(F8-H8,0) -> 0 | K8: =MAX(G8-E8,0) -> 0 | L8: =MAX(H8-F8,0) -> 1.8571429 | M8: =IF(AND(I8>TransferMin,L8>0),"OAK→HP",IF(AND(J8>TransferMin,K8>0),"HP→OAK","None")) -> None | N8: =IF(M8="OAK→HP",MIN(I8,L8),IF(M8="HP→OAK",MIN(J8,K8),0)) -> 0 | O8: =MAX(K8-IF(M8="HP→OAK",N8,0),0) -> 0 | P8: =MAX(L8-IF(M8="OAK→HP",N8,0),0) -> 1.8571429 | Q8: =IF(O8>0,CEILING(O8,ITEM_MASTER_CLEAN!G8),0) -> 0 | R8: =IF(P8>0,CEILING(P8,ITEM_MASTER_CLEAN!G8),0) -> 2 | S8: =IF(G8=0,0,(1-MIN(E8/MAX(G8,1),1))*50+(1-MIN(F8/MAX(H8,1),1))*50) -> 50
A9: =ITEM_MASTER_CLEAN!A9 -> 8 | B9: =ITEM_MASTER_CLEAN!B9 -> 22407 | C9: =ITEM_MASTER_CLEAN!C9 -> LADIP LABEL STRABERRY CAKE 1RLX50UN | D9: =ITEM_MASTER_CLEAN!F9 -> 22.62 | E9: =ITEM_MASTER_CLEAN!H9 -> 1 | F9: =ITEM_MASTER_CLEAN!I9 -> 11 | G9: =PAR_LEVELS!J9 -> 5.5714286 | H9: =PAR_LEVELS!K9 -> 5.5714286 | I9: =MAX(E9-G9,0) -> 0 | J9: =MAX(F9-H9,0) -> 5.4285714 | K9: =MAX(G9-E9,0) -> 4.5714286 | L9: =MAX(H9-F9,0) -> 0 | M9: =IF(AND(I9>TransferMin,L9>0),"OAK→HP",IF(AND(J9>TransferMin,K9>0),"HP→OAK","None")) -> HP→OAK | N9: =IF(M9="OAK→HP",MIN(I9,L9),IF(M9="HP→OAK",MIN(J9,K9),0)) -> 4.5714286 | O9: =MAX(K9-IF(M9="HP→OAK",N9,0),0) -> 0 | P9: =MAX(L9-IF(M9="OAK→HP",N9,0),0) -> 0 | Q9: =IF(O9>0,CEILING(O9,ITEM_MASTER_CLEAN!G9),0) -> 0 | R9: =IF(P9>0,CEILING(P9,ITEM_MASTER_CLEAN!G9),0) -> 0 | S9: =IF(G9=0,0,(1-MIN(E9/MAX(G9,1),1))*50+(1-MIN(F9/MAX(H9,1),1))*50) -> 41.025641
A10: =ITEM_MASTER_CLEAN!A10 -> 9 | B10: =ITEM_MASTER_CLEAN!B10 -> 25800 | C10: =ITEM_MASTER_CLEAN!C10 -> CAKE CARDBOARD 8" BLCK GOLD 100 | D10: =ITEM_MASTER_CLEAN!F10 -> 15.99 | E10: =ITEM_MASTER_CLEAN!H10 -> 11 | F10: =ITEM_MASTER_CLEAN!I10 -> 4 | G10: =PAR_LEVELS!J10 -> 5.5714286 | H10: =PAR_LEVELS!K10 -> 1.8571429 | I10: =MAX(E10-G10,0) -> 5.4285714 | J10: =MAX(F10-H10,0) -> 2.1428571 | K10: =MAX(G10-E10,0) -> 0 | L10: =MAX(H10-F10,0) -> 0 | M10: =IF(AND(I10>TransferMin,L10>0),"OAK→HP",IF(AND(J10>TransferMin,K10>0),"HP→OAK","None")) -> None | N10: =IF(M10="OAK→HP",MIN(I10,L10),IF(M10="HP→OAK",MIN(J10,K10),0)) -> 0 | O10: =MAX(K10-IF(M10="HP→OAK",N10,0),0) -> 0 | P10: =MAX(L10-IF(M10="OAK→HP",N10,0),0) -> 0 | Q10: =IF(O10>0,CEILING(O10,ITEM_MASTER_CLEAN!G10),0) -> 0 | R10: =IF(P10>0,CEILING(P10,ITEM_MASTER_CLEAN!G10),0) -> 0 | S10: =IF(G10=0,0,(1-MIN(E10/MAX(G10,1),1))*50+(1-MIN(F10/MAX(H10,1),1))*50) -> 0
A11: =ITEM_MASTER_CLEAN!A11 -> 10 | B11: =ITEM_MASTER_CLEAN!B11 -> 25802 | C11: =ITEM_MASTER_CLEAN!C11 -> ACETATE ROLL 3.5"X1250" 4MM 1RL | D11: =ITEM_MASTER_CLEAN!F11 -> 23.42 | E11: =ITEM_MASTER_CLEAN!H11 -> 14 | F11: =ITEM_MASTER_CLEAN!I11 -> 11 | G11: =PAR_LEVELS!J11 -> 5.5714286 | H11: =PAR_LEVELS!K11 -> 5.5714286 | I11: =MAX(E11-G11,0) -> 8.4285714 | J11: =MAX(F11-H11,0) -> 5.4285714 | K11: =MAX(G11-E11,0) -> 0 | L11: =MAX(H11-F11,0) -> 0 | M11: =IF(AND(I11>TransferMin,L11>0),"OAK→HP",IF(AND(J11>TransferMin,K11>0),"HP→OAK","None")) -> None | N11: =IF(M11="OAK→HP",MIN(I11,L11),IF(M11="HP→OAK",MIN(J11,K11),0)) -> 0 | O11: =MAX(K11-IF(M11="HP→OAK",N11,0),0) -> 0 | P11: =MAX(L11-IF(M11="OAK→HP",N11,0),0) -> 0 | Q11: =IF(O11>0,CEILING(O11,ITEM_MASTER_CLEAN!G11),0) -> 0 | R11: =IF(P11>0,CEILING(P11,ITEM_MASTER_CLEAN!G11),0) -> 0 | S11: =IF(G11=0,0,(1-MIN(E11/MAX(G11,1),1))*50+(1-MIN(F11/MAX(H11,1),1))*50) -> 0
A12: =ITEM_MASTER_CLEAN!A12 -> 11 | B12: =ITEM_MASTER_CLEAN!B12 -> 19689 | C12: =ITEM_MASTER_CLEAN!C12 -> CAKE CUPCAKE BLACKOUT 8X4UN | D12: =ITEM_MASTER_CLEAN!F12 -> 13.82 | E12: =ITEM_MASTER_CLEAN!H12 -> 1 | F12: =ITEM_MASTER_CLEAN!I12 -> 1 | G12: =PAR_LEVELS!J12 -> 1.8571429 | H12: =PAR_LEVELS!K12 -> 1.8571429 | I12: =MAX(E12-G12,0) -> 0 | J12: =MAX(F12-H12,0) -> 0 | K12: =MAX(G12-E12,0) -> 0.85714286 | L12: =MAX(H12-F12,0) -> 0.85714286 | M12: =IF(AND(I12>TransferMin,L12>0),"OAK→HP",IF(AND(J12>TransferMin,K12>0),"HP→OAK","None")) -> None | N12: =IF(M12="OAK→HP",MIN(I12,L12),IF(M12="HP→OAK",MIN(J12,K12),0)) -> 0 | O12: =MAX(K12-IF(M12="HP→OAK",N12,0),0) -> 0.85714286 | P12: =MAX(L12-IF(M12="OAK→HP",N12,0),0) -> 0.85714286 | Q12: =IF(O12>0,CEILING(O12,ITEM_MASTER_CLEAN!G12),0) -> 8 | R12: =IF(P12>0,CEILING(P12,ITEM_MASTER_CLEAN!G12),0) -> 8 | S12: =IF(G12=0,0,(1-MIN(E12/MAX(G12,1),1))*50+(1-MIN(F12/MAX(H12,1),1))*50) -> 46.153846
A13: =ITEM_MASTER_CLEAN!A13 -> 12 | B13: =ITEM_MASTER_CLEAN!B13 -> 19692 | C13: =ITEM_MASTER_CLEAN!C13 -> CAKE CUPCAKE RED VELVET 8X4UN | D13: =ITEM_MASTER_CLEAN!F13 -> 21.36 | E13: =ITEM_MASTER_CLEAN!H13 -> 6 | F13: =ITEM_MASTER_CLEAN!I13 -> 4 | G13: =PAR_LEVELS!J13 -> 3.7142857 | H13: =PAR_LEVELS!K13 -> 1.8571429 | I13: =MAX(E13-G13,0) -> 2.2857143 | J13: =MAX(F13-H13,0) -> 2.1428571 | K13: =MAX(G13-E13,0) -> 0 | L13: =MAX(H13-F13,0) -> 0 | M13: =IF(AND(I13>TransferMin,L13>0),"OAK→HP",IF(AND(J13>TransferMin,K13>0),"HP→OAK","None")) -> None | N13: =IF(M13="OAK→HP",MIN(I13,L13),IF(M13="HP→OAK",MIN(J13,K13),0)) -> 0 | O13: =MAX(K13-IF(M13="HP→OAK",N13,0),0) -> 0 | P13: =MAX(L13-IF(M13="OAK→HP",N13,0),0) -> 0 | Q13: =IF(O13>0,CEILING(O13,ITEM_MASTER_CLEAN!G13),0) -> 0 | R13: =IF(P13>0,CEILING(P13,ITEM_MASTER_CLEAN!G13),0) -> 0 | S13: =IF(G13=0,0,(1-MIN(E13/MAX(G13,1),1))*50+(1-MIN(F13/MAX(H13,1),1))*50) -> 0
... A263: =ITEM_MASTER_CLEAN!A263 -> 262 | B263: =ITEM_MASTER_CLEAN!B263 -> 61804 | C263: =ITEM_MASTER_CLEAN!C263 -> LADIP BOX POPCORN 6X2.75X8.5 100 | D263: =ITEM_MASTER_CLEAN!F263 -> 16.46 | E263: =ITEM_MASTER_CLEAN!H263 -> 1 | F263: =ITEM_MASTER_CLEAN!I263 -> 1 | G263: =PAR_LEVELS!J263 -> 5.5714286 | H263: =PAR_LEVELS!K263 -> 1.8571429 | I263: =MAX(E263-G263,0) -> 0 | J263: =MAX(F263-H263,0) -> 0 | K263: =MAX(G263-E263,0) -> 4.5714286 | L263: =MAX(H263-F263,0) -> 0.85714286 | M263: =IF(AND(I263>TransferMin,L263>0),"OAK→HP",IF(AND(J263>TransferMin,K263>0),"HP→OAK","None")) -> None | N263: =IF(M263="OAK→HP",MIN(I263,L263),IF(M263="HP→OAK",MIN(J263,K263),0)) -> 0 | O263: =MAX(K263-IF(M263="HP→OAK",N263,0),0) -> 4.5714286 | P263: =MAX(L263-IF(M263="OAK→HP",N263,0),0) -> 0.85714286 | Q263: =IF(O263>0,CEILING(O263,ITEM_MASTER_CLEAN!G263),0) -> 5 | R263: =IF(P263>0,CEILING(P263,ITEM_MASTER_CLEAN!G263),0) -> 1 | S263: =IF(G263=0,0,(1-MIN(E263/MAX(G263,1),1))*50+(1-MIN(F263/MAX(H263,1),1))*50) -> 64.102564

Sheet LOW_CASH_MODE
A1: # | B1: Code | C1: Description | D1: Unit Cost | E1: Case Pack | F1: Safety Stock OAK | G1: Safety Stock HP | H1: On-Hand OAK | I1: On-Hand HP | J1: Below Safety OAK? | K1: Below Safety HP? | L1: Urgent Buy OAK (cases) | M1: Urgent Buy HP (cases) | N1: Urgent Spend OAK ($) | O1: Urgent Spend HP ($) | P1: Cumulative Spend ($) | Q1: Within Cap? | R1: Action
A2: =ITEM_MASTER_CLEAN!A2 -> 1 | B2: =ITEM_MASTER_CLEAN!B2 -> 62966 | C2: =ITEM_MASTER_CLEAN!C2 -> 9 CAKE WHITE LAYER 8" 24X354G | D2: =ITEM_MASTER_CLEAN!F2 -> 60.84 | E2: =ITEM_MASTER_CLEAN!G2 -> 24 | F2: =DEMAND_MODEL!K2*SafetyDays -> 0.42857143 | G2: =DEMAND_MODEL!L2*SafetyDays -> 1.2857143 | H2: =ITEM_MASTER_CLEAN!H2 -> 1 | I2: =ITEM_MASTER_CLEAN!I2 -> 5 | J2: =IF(H2<F2,"YES","") | K2: =IF(I2<G2,"YES","") | L2: =IF(J2="YES",MAX(CEILING(F2-H2,E2),0),0) -> 0 | M2: =IF(K2="YES",MAX(CEILING(G2-I2,E2),0),0) -> 0 | N2: =L2*D2 -> 0 | O2: =M2*D2 -> 0 | P2: =N2+O2 -> 0 | Q2: =IF(P2<=CashCap,"YES","OVER CAP") -> YES | R2: =IF(LowCashMode="OFF","Normal Mode",IF(AND(OR(J2="YES",K2="YES"),Q2="YES"),"BUY NOW",IF(OR(J2="YES",K2="YES"),"DEFERRED","—"))) -> Normal Mode
A3: =ITEM_MASTER_CLEAN!A3 -> 2 | B3: =ITEM_MASTER_CLEAN!B3 -> 62967 | C3: =ITEM_MASTER_CLEAN!C3 -> 9 CAKE CHOC LAYER 8" 24X354G | D3: =ITEM_MASTER_CLEAN!F3 -> 23.82 | E3: =ITEM_MASTER_CLEAN!G3 -> 24 | F3: =DEMAND_MODEL!K3*SafetyDays -> 1.7142857 | G3: =DEMAND_MODEL!L3*SafetyDays -> 0.42857143 | H3: =ITEM_MASTER_CLEAN!H3 -> 11 | I3: =ITEM_MASTER_CLEAN!I3 -> 0 | J3: =IF(H3<F3,"YES","") | K3: =IF(I3<G3,"YES","") -> YES | L3: =IF(J3="YES",MAX(CEILING(F3-H3,E3),0),0) -> 0 | M3: =IF(K3="YES",MAX(CEILING(G3-I3,E3),0),0) -> 24 | N3: =L3*D3 -> 0 | O3: =M3*D3 -> 571.68 | P3: =P2+N3+O3 -> 571.68 | Q3: =IF(P3<=CashCap,"YES","OVER CAP") -> YES | R3: =IF(LowCashMode="OFF","Normal Mode",IF(AND(OR(J3="YES",K3="YES"),Q3="YES"),"BUY NOW",IF(OR(J3="YES",K3="YES"),"DEFERRED","—"))) -> Normal Mode
A4: =ITEM_MASTER_CLEAN!A4 -> 3 | B4: =ITEM_MASTER_CLEAN!B4 -> 62963 | C4: =ITEM_MASTER_CLEAN!C4 -> ICING PRE-WHIPPED VANILLA 6.8K | D4: =ITEM_MASTER_CLEAN!F4 -> 54.51 | E4: =ITEM_MASTER_CLEAN!G4 -> 1 | F4: =DEMAND_MODEL!K4*SafetyDays -> 0.85714286 | G4: =DEMAND_MODEL!L4*SafetyDays -> 0.85714286 | H4: =ITEM_MASTER_CLEAN!H4 -> 9 | I4: =ITEM_MASTER_CLEAN!I4 -> 6 | J4: =IF(H4<F4,"YES","") | K4: =IF(I4<G4,"YES","") | L4: =IF(J4="YES",MAX(CEILING(F4-H4,E4),0),0) -> 0 | M4: =IF(K4="YES",MAX(CEILING(G4-I4,E4),0),0) -> 0 | N4: =L4*D4 -> 0 | O4: =M4*D4 -> 0 | P4: =P3+N4+O4 -> 571.68 | Q4: =IF(P4<=CashCap,"YES","OVER CAP") -> YES | R4: =IF(LowCashMode="OFF","Normal Mode",IF(AND(OR(J4="YES",K4="YES"),Q4="YES"),"BUY NOW",IF(OR(J4="YES",K4="YES"),"DEFERRED","—"))) -> Normal Mode
A5: =ITEM_MASTER_CLEAN!A5 -> 4 | B5: =ITEM_MASTER_CLEAN!B5 -> 22400 | C5: =ITEM_MASTER_CLEAN!C5 -> LADIP LABEL CHOCOLATE CAKE 1RLX50UN | D5: =ITEM_MASTER_CLEAN!F5 -> 19.55 | E5: =ITEM_MASTER_CLEAN!G5 -> 1 | F5: =DEMAND_MODEL!K5*SafetyDays -> 1.2857143 | G5: =DEMAND_MODEL!L5*SafetyDays -> 0.42857143 | H5: =ITEM_MASTER_CLEAN!H5 -> 4 | I5: =ITEM_MASTER_CLEAN!I5 -> 1 | J5: =IF(H5<F5,"YES","") | K5: =IF(I5<G5,"YES","") | L5: =IF(J5="YES",MAX(CEILING(F5-H5,E5),0),0) -> 0 | M5: =IF(K5="YES",MAX(CEILING(G5-I5,E5),0),0) -> 0 | N5: =L5*D5 -> 0 | O5: =M5*D5 -> 0 | P5: =P4+N5+O5 -> 571.68 | Q5: =IF(P5<=CashCap,"YES","OVER CAP") -> YES | R5: =IF(LowCashMode="OFF","Normal Mode",IF(AND(OR(J5="YES",K5="YES"),Q5="YES"),"BUY NOW",IF(OR(J5="YES",K5="YES"),"DEFERRED","—"))) -> Normal Mode
A6: =ITEM_MASTER_CLEAN!A6 -> 5 | B6: =ITEM_MASTER_CLEAN!B6 -> 22401 | C6: =ITEM_MASTER_CLEAN!C6 -> LADIP LABEL BIRTHDAY CAKE 1RLX50UN | D6: =ITEM_MASTER_CLEAN!F6 -> 23.36 | E6: =ITEM_MASTER_CLEAN!G6 -> 1 | F6: =DEMAND_MODEL!K6*SafetyDays -> 1.7142857 | G6: =DEMAND_MODEL!L6*SafetyDays -> 0.42857143 | H6: =ITEM_MASTER_CLEAN!H6 -> 18 | I6: =ITEM_MASTER_CLEAN!I6 -> 4 | J6: =IF(H6<F6,"YES","") | K6: =IF(I6<G6,"YES","") | L6: =IF(J6="YES",MAX(CEILING(F6-H6,E6),0),0) -> 0 | M6: =IF(K6="YES",MAX(CEILING(G6-I6,E6),0),0) -> 0 | N6: =L6*D6 -> 0 | O6: =M6*D6 -> 0 | P6: =P5+N6+O6 -> 571.68 | Q6: =IF(P6<=CashCap,"YES","OVER CAP") -> YES | R6: =IF(LowCashMode="OFF","Normal Mode",IF(AND(OR(J6="YES",K6="YES"),Q6="YES"),"BUY NOW",IF(OR(J6="YES",K6="YES"),"DEFERRED","—"))) -> Normal Mode
A7: =ITEM_MASTER_CLEAN!A7 -> 6 | B7: =ITEM_MASTER_CLEAN!B7 -> 22402 | C7: =ITEM_MASTER_CLEAN!C7 -> LADIP LABEL COOKIE & CREAM CAKE 1RL | D7: =ITEM_MASTER_CLEAN!F7 -> 18.46 | E7: =ITEM_MASTER_CLEAN!G7 -> 1 | F7: =DEMAND_MODEL!K7*SafetyDays -> 0.85714286 | G7: =DEMAND_MODEL!L7*SafetyDays -> 0.85714286 | H7: =ITEM_MASTER_CLEAN!H7 -> 3 | I7: =ITEM_MASTER_CLEAN!I7 -> 3 | J7: =IF(H7<F7,"YES","") | K7: =IF(I7<G7,"YES","") | L7: =IF(J7="YES",MAX(CEILING(F7-H7,E7),0),0) -> 0 | M7: =IF(K7="YES",MAX(CEILING(G7-I7,E7),0),0) -> 0 | N7: =L7*D7 -> 0 | O7: =M7*D7 -> 0 | P7: =P6+N7+O7 -> 571.68 | Q7: =IF(P7<=CashCap,"YES","OVER CAP") -> YES | R7: =IF(LowCashMode="OFF","Normal Mode",IF(AND(OR(J7="YES",K7="YES"),Q7="YES"),"BUY NOW",IF(OR(J7="YES",K7="YES"),"DEFERRED","—"))) -> Normal Mode
A8: =ITEM_MASTER_CLEAN!A8 -> 7 | B8: =ITEM_MASTER_CLEAN!B8 -> 22406 | C8: =ITEM_MASTER_CLEAN!C8 -> LADIP LABEL SALTD CARAMEL CAKE 1RL | D8: =ITEM_MASTER_CLEAN!F8 -> 19.63 | E8: =ITEM_MASTER_CLEAN!G8 -> 1 | F8: =DEMAND_MODEL!K8*SafetyDays -> 1.2857143 | G8: =DEMAND_MODEL!L8*SafetyDays -> 0.42857143 | H8: =ITEM_MASTER_CLEAN!H8 -> 10 | I8: =ITEM_MASTER_CLEAN!I8 -> 0 | J8: =IF(H8<F8,"YES","") | K8: =IF(I8<G8,"YES","") -> YES | L8: =IF(J8="YES",MAX(CEILING(F8-H8,E8),0),0) -> 0 | M8: =IF(K8="YES",MAX(CEILING(G8-I8,E8),0),0) -> 1 | N8: =L8*D8 -> 0 | O8: =M8*D8 -> 19.63 | P8: =P7+N8+O8 -> 591.31 | Q8: =IF(P8<=CashCap,"YES","OVER CAP") -> YES | R8: =IF(LowCashMode="OFF","Normal Mode",IF(AND(OR(J8="YES",K8="YES"),Q8="YES"),"BUY NOW",IF(OR(J8="YES",K8="YES"),"DEFERRED","—"))) -> Normal Mode
A9: =ITEM_MASTER_CLEAN!A9 -> 8 | B9: =ITEM_MASTER_CLEAN!B9 -> 22407 | C9: =ITEM_MASTER_CLEAN!C9 -> LADIP LABEL STRABERRY CAKE 1RLX50UN | D9: =ITEM_MASTER_CLEAN!F9 -> 22.62 | E9: =ITEM_MASTER_CLEAN!G9 -> 1 | F9: =DEMAND_MODEL!K9*SafetyDays -> 1.2857143 | G9: =DEMAND_MODEL!L9*SafetyDays -> 1.2857143 | H9: =ITEM_MASTER_CLEAN!H9 -> 1 | I9: =ITEM_MASTER_CLEAN!I9 -> 11 | J9: =IF(H9<F9,"YES","") -> YES | K9: =IF(I9<G9,"YES","") | L9: =IF(J9="YES",MAX(CEILING(F9-H9,E9),0),0) -> 1 | M9: =IF(K9="YES",MAX(CEILING(G9-I9,E9),0),0) -> 0 | N9: =L9*D9 -> 22.62 | O9: =M9*D9 -> 0 | P9: =P8+N9+O9 -> 613.93 | Q9: =IF(P9<=CashCap,"YES","OVER CAP") -> YES | R9: =IF(LowCashMode="OFF","Normal Mode",IF(AND(OR(J9="YES",K9="YES"),Q9="YES"),"BUY NOW",IF(OR(J9="YES",K9="YES"),"DEFERRED","—"))) -> Normal Mode
A10: =ITEM_MASTER_CLEAN!A10 -> 9 | B10: =ITEM_MASTER_CLEAN!B10 -> 25800 | C10: =ITEM_MASTER_CLEAN!C10 -> CAKE CARDBOARD 8" BLCK GOLD 100 | D10: =ITEM_MASTER_CLEAN!F10 -> 15.99 | E10: =ITEM_MASTER_CLEAN!G10 -> 1 | F10: =DEMAND_MODEL!K10*SafetyDays -> 1.2857143 | G10: =DEMAND_MODEL!L10*SafetyDays -> 0.42857143 | H10: =ITEM_MASTER_CLEAN!H10 -> 11 | I10: =ITEM_MASTER_CLEAN!I10 -> 4 | J10: =IF(H10<F10,"YES","") | K10: =IF(I10<G10,"YES","") | L10: =IF(J10="YES",MAX(CEILING(F10-H10,E10),0),0) -> 0 | M10: =IF(K10="YES",MAX(CEILING(G10-I10,E10),0),0) -> 0 | N10: =L10*D10 -> 0 | O10: =M10*D10 -> 0 | P10: =P9+N10+O10 -> 613.93 | Q10: =IF(P10<=CashCap,"YES","OVER CAP") -> YES | R10: =IF(LowCashMode="OFF","Normal Mode",IF(AND(OR(J10="YES",K10="YES"),Q10="YES"),"BUY NOW",IF(OR(J10="YES",K10="YES"),"DEFERRED","—"))) -> Normal Mode
A11: =ITEM_MASTER_CLEAN!A11 -> 10 | B11: =ITEM_MASTER_CLEAN!B11 -> 25802 | C11: =ITEM_MASTER_CLEAN!C11 -> ACETATE ROLL 3.5"X1250" 4MM 1RL | D11: =ITEM_MASTER_CLEAN!F11 -> 23.42 | E11: =ITEM_MASTER_CLEAN!G11 -> 1 | F11: =DEMAND_MODEL!K11*SafetyDays -> 1.2857143 | G11: =DEMAND_MODEL!L11*SafetyDays -> 1.2857143 | H11: =ITEM_MASTER_CLEAN!H11 -> 14 | I11: =ITEM_MASTER_CLEAN!I11 -> 11 | J11: =IF(H11<F11,"YES","") | K11: =IF(I11<G11,"YES","") | L11: =IF(J11="YES",MAX(CEILING(F11-H11,E11),0),0) -> 0 | M11: =IF(K11="YES",MAX(CEILING(G11-I11,E11),0),0) -> 0 | N11: =L11*D11 -> 0 | O11: =M11*D11 -> 0 | P11: =P10+N11+O11 -> 613.93 | Q11: =IF(P11<=CashCap,"YES","OVER CAP") -> YES | R11: =IF(LowCashMode="OFF","Normal Mode",IF(AND(OR(J11="YES",K11="YES"),Q11="YES"),"BUY NOW",IF(OR(J11="YES",K11="YES"),"DEFERRED","—"))) -> Normal Mode
A12: =ITEM_MASTER_CLEAN!A12 -> 11 | B12: =ITEM_MASTER_CLEAN!B12 -> 19689 | C12: =ITEM_MASTER_CLEAN!C12 -> CAKE CUPCAKE BLACKOUT 8X4UN | D12: =ITEM_MASTER_CLEAN!F12 -> 13.82 | E12: =ITEM_MASTER_CLEAN!G12 -> 8 | F12: =DEMAND_MODEL!K12*SafetyDays -> 0.42857143 | G12: =DEMAND_MODEL!L12*SafetyDays -> 0.42857143 | H12: =ITEM_MASTER_CLEAN!H12 -> 1 | I12: =ITEM_MASTER_CLEAN!I12 -> 1 | J12: =IF(H12<F12,"YES","") | K12: =IF(I12<G12,"YES","") | L12: =IF(J12="YES",MAX(CEILING(F12-H12,E12),0),0) -> 0 | M12: =IF(K12="YES",MAX(CEILING(G12-I12,E12),0),0) -> 0 | N12: =L12*D12 -> 0 | O12: =M12*D12 -> 0 | P12: =P11+N12+O12 -> 613.93 | Q12: =IF(P12<=CashCap,"YES","OVER CAP") -> YES | R12: =IF(LowCashMode="OFF","Normal Mode",IF(AND(OR(J12="YES",K12="YES"),Q12="YES"),"BUY NOW",IF(OR(J12="YES",K12="YES"),"DEFERRED","—"))) -> Normal Mode
A13: =ITEM_MASTER_CLEAN!A13 -> 12 | B13: =ITEM_MASTER_CLEAN!B13 -> 19692 | C13: =ITEM_MASTER_CLEAN!C13 -> CAKE CUPCAKE RED VELVET 8X4UN | D13: =ITEM_MASTER_CLEAN!F13 -> 21.36 | E13: =ITEM_MASTER_CLEAN!G13 -> 8 | F13: =DEMAND_MODEL!K13*SafetyDays -> 0.85714286 | G13: =DEMAND_MODEL!L13*SafetyDays -> 0.42857143 | H13: =ITEM_MASTER_CLEAN!H13 -> 6 | I13: =ITEM_MASTER_CLEAN!I13 -> 4 | J13: =IF(H13<F13,"YES","") | K13: =IF(I13<G13,"YES","") | L13: =IF(J13="YES",MAX(CEILING(F13-H13,E13),0),0) -> 0 | M13: =IF(K13="YES",MAX(CEILING(G13-I13,E13),0),0) -> 0 | N13: =L13*D13 -> 0 | O13: =M13*D13 -> 0 | P13: =P12+N13+O13 -> 613.93 | Q13: =IF(P13<=CashCap,"YES","OVER CAP") -> YES | R13: =IF(LowCashMode="OFF","Normal Mode",IF(AND(OR(J13="YES",K13="YES"),Q13="YES"),"BUY NOW",IF(OR(J13="YES",K13="YES"),"DEFERRED","—"))) -> Normal Mode
A14: =ITEM_MASTER_CLEAN!A14 -> 13 | B14: =ITEM_MASTER_CLEAN!B14 -> 19693 | C14: =ITEM_MASTER_CLEAN!C14 -> CAKE CUPCAKE VANILLA BEAN 8X4UN | D14: =ITEM_MASTER_CLEAN!F14 -> 17.87 | E14: =ITEM_MASTER_CLEAN!G14 -> 8 | F14: =DEMAND_MODEL!K14*SafetyDays -> 0.42857143 | G14: =DEMAND_MODEL!L14*SafetyDays -> 0.85714286 | H14: =ITEM_MASTER_CLEAN!H14 -> 1 | I14: =ITEM_MASTER_CLEAN!I14 -> 3 | J14: =IF(H14<F14,"YES","") | K14: =IF(I14<G14,"YES","") | L14: =IF(J14="YES",MAX(CEILING(F14-H14,E14),0),0) -> 0 | M14: =IF(K14="YES",MAX(CEILING(G14-I14,E14),0),0) -> 0 | N14: =L14*D14 -> 0 | O14: =M14*D14 -> 0 | P14: =P13+N14+O14 -> 613.93 | Q14: =IF(P14<=CashCap,"YES","OVER CAP") -> YES | R14: =IF(LowCashMode="OFF","Normal Mode",IF(AND(OR(J14="YES",K14="YES"),Q14="YES"),"BUY NOW",IF(OR(J14="YES",K14="YES"),"DEFERRED","—"))) -> Normal Mode
... A263: =ITEM_MASTER_CLEAN!A263 -> 262 | B263: =ITEM_MASTER_CLEAN!B263 -> 61804 | C263: =ITEM_MASTER_CLEAN!C263 -> LADIP BOX POPCORN 6X2.75X8.5 100 | D263: =ITEM_MASTER_CLEAN!F263 -> 16.46 | E263: =ITEM_MASTER_CLEAN!G263 -> 1 | F263: =DEMAND_MODEL!K263*SafetyDays -> 1.2857143 | G263: =DEMAND_MODEL!L263*SafetyDays -> 0.42857143 | H263: =ITEM_MASTER_CLEAN!H263 -> 1 | I263: =ITEM_MASTER_CLEAN!I263 -> 1 | J263: =IF(H263<F263,"YES","") -> YES | K263: =IF(I263<G263,"YES","") | L263: =IF(J263="YES",MAX(CEILING(F263-H263,E263),0),0) -> 1 | M263: =IF(K263="YES",MAX(CEILING(G263-I263,E263),0),0) -> 0 | N263: =L263*D263 -> 16.46 | O263: =M263*D263 -> 0 | P263: =P262+N263+O263 -> 50308.54 | Q263: =IF(P263<=CashCap,"YES","OVER CAP") -> OVER CAP | R263: =IF(LowCashMode="OFF","Normal Mode",IF(AND(OR(J263="YES",K263="YES"),Q263="YES"),"BUY NOW",IF(OR(J263="YES",K263="YES"),"DEFERRED","—"))) -> Normal Mode

Sheet SHARED_BULK_LEDGER
A1: Entry # | B1: Date | C1: Item Code | D1: Item Description | E1: Quantity | F1: Unit Cost | G1: Total Cost | H1: Purchased By | I1: Allocation Method | J1: OAK Alloc % | K1: HP Alloc % | L1: OAK Allocated Qty | M1: HP Allocated Qty | N1: OAK Allocated Cost | O1: HP Allocated Cost | P1: Transfer to OAK | Q1: Transfer to HP | R1: Reimbursement OAK→HP | S1: Reimbursement HP→OAK | T1: Net OAK Owes HP
A2: 1 | B2: 2026-02-01 | C2: 62966 | D2: 9 CAKE WHITE LAYER 8" 24X354G | E2: 24 | F2: 72.5 | G2: =E2*F2 -> 1740 | H2: Oakville | I2: Fixed % | J2: 0.6 | K2: =1-J2 -> 0.4 | L2: =ROUND(E2*J2,0) -> 14 | M2: =E2-L2 -> 10 | N2: =G2*J2 -> 1044 | O2: =G2*K2 -> 696 | P2: 0 | Q2: 0 | R2: 0 | S2: 0 | T2: =IF(H2="High Park",N2,0)-IF(H2="Oakville",O2,0)-R2+S2 -> -696
A3: 2 | B3: 2026-02-03 | C3: 62963 | D3: ICING PRE-WHIPPED VANILLA 6.8K | E3: 4 | F3: 45.8 | G3: =E3*F3 -> 183.2 | H3: Oakville | I3: Usage Ratio | J3: 0.55 | K3: =1-J3 -> 0.45 | L3: =ROUND(E3*J3,0) -> 2 | M3: =E3-L3 -> 2 | N3: =G3*J3 -> 100.76 | O3: =G3*K3 -> 82.44 | P3: 0 | Q3: 0 | R3: 0 | S3: 0 | T3: =IF(H3="High Park",N3,0)-IF(H3="Oakville",O3,0)-R3+S3 -> -82.44
A4: 3 | B4: 2026-02-05 | D4: MTY DIP 56% CHOCOLATE 6X1K | E4: 12 | F4: 42.5 | G4: =E4*F4 -> 510 | H4: High Park | I4: Fixed % | J4: 0.5 | K4: =1-J4 -> 0.5 | L4: =ROUND(E4*J4,0) -> 6 | M4: =E4-L4 -> 6 | N4: =G4*J4 -> 255 | O4: =G4*K4 -> 255 | P4: 0 | Q4: 0 | R4: 0 | S4: 0 | T4: =IF(H4="High Park",N4,0)-IF(H4="Oakville",O4,0)-R4+S4 -> 255
A5: 4 | B5: 2026-02-08 | D5: ICE CREAM VANILLA 11401 11.4L | E5: 8 | F5: 36.75 | G5: =E5*F5 -> 294 | H5: Oakville | I5: Usage Ratio | J5: 0.6 | K5: =1-J5 -> 0.4 | L5: =ROUND(E5*J5,0) -> 5 | M5: =E5-L5 -> 3 | N5: =G5*J5 -> 176.4 | O5: =G5*K5 -> 117.6 | P5: 0 | Q5: 0 | R5: 0 | S5: 200 | T5: =IF(H5="High Park",N5,0)-IF(H5="Oakville",O5,0)-R5+S5 -> 82.4
A6: 5 | B6: 2026-02-10 | D6: DIPP BOWL 8OZ VS608-168260 1M | E6: 2 | F6: 38.9 | G6: =E6*F6 -> 77.8 | H6: High Park | I6: Fixed % | J6: 0.55 | K6: =1-J6 -> 0.45 | L6: =ROUND(E6*J6,0) -> 1 | M6: =E6-L6 -> 1 | N6: =G6*J6 -> 42.79 | O6: =G6*K6 -> 35.01 | P6: 0 | Q6: 0 | R6: 0 | S6: 0 | T6: =IF(H6="High Park",N6,0)-IF(H6="Oakville",O6,0)-R6+S6 -> 42.79
A7: 6 | B7: 2026-02-12 | D7: MTY CONE SOFT REG #59 10X100UN | E7: 20 | F7: 28.5 | G7: =E7*F7 -> 570 | H7: Oakville | I7: Fixed % | J7: 0.55 | K7: =1-J7 -> 0.45 | L7: =ROUND(E7*J7,0) -> 11 | M7: =E7-L7 -> 9 | N7: =G7*J7 -> 313.5 | O7: =G7*K7 -> 256.5 | P7: 0 | Q7: 0 | R7: 0 | S7: 0 | T7: =IF(H7="High Park",N7,0)-IF(H7="Oakville",O7,0)-R7+S7 -> -256.5
A8: 7 | B8: 2026-02-15 | D8: BISC OREO GRINDED 24X450G | E8: 24 | F8: 55.25 | G8: =E8*F8 -> 1326 | H8: High Park | I8: Usage Ratio | J8: 0.6 | K8: =1-J8 -> 0.4 | L8: =ROUND(E8*J8,0) -> 14 | M8: =E8-L8 -> 10 | N8: =G8*J8 -> 795.6 | O8: =G8*K8 -> 530.4 | P8: 0 | Q8: 0 | R8: 200 | S8: 0 | T8: =IF(H8="High Park",N8,0)-IF(H8="Oakville",O8,0)-R8+S8 -> 595.6
A9: 8 | B9: 2026-02-18 | D9: MTY DIP LOTUS BISCOFF 6X1K | E9: 12 | F9: 46.8 | G9: =E9*F9 -> 561.6 | H9: Oakville | I9: Fixed % | J9: 0.5 | K9: =1-J9 -> 0.5 | L9: =ROUND(E9*J9,0) -> 6 | M9: =E9-L9 -> 6 | N9: =G9*J9 -> 280.8 | O9: =G9*K9 -> 280.8 | P9: 0 | Q9: 0 | R9: 0 | S9: 0 | T9: =IF(H9="High Park",N9,0)-IF(H9="Oakville",O9,0)-R9+S9 -> -280.8
A10: 9 | G10: =E10*F10 -> 0 | J10: 0.5 | K10: =1-J10 -> 0.5 | L10: =ROUND(E10*J10,0) -> 0 | M10: =E10-L10 -> 0 | N10: =G10*J10 -> 0 | O10: =G10*K10 -> 0 | T10: =IF(H10="High Park",N10,0)-IF(H10="Oakville",O10,0)-R10+S10 -> 0
A11: 10 | G11: =E11*F11 -> 0 | J11: 0.5 | K11: =1-J11 -> 0.5 | L11: =ROUND(E11*J11,0) -> 0 | M11: =E11-L11 -> 0 | N11: =G11*J11 -> 0 | O11: =G11*K11 -> 0 | T11: =IF(H11="High Park",N11,0)-IF(H11="Oakville",O11,0)-R11+S11 -> 0
A12: 11 | G12: =E12*F12 -> 0 | J12: 0.5 | K12: =1-J12 -> 0.5 | L12: =ROUND(E12*J12,0) -> 0 | M12: =E12-L12 -> 0 | N12: =G12*J12 -> 0 | O12: =G12*K12 -> 0 | T12: =IF(H12="High Park",N12,0)-IF(H12="Oakville",O12,0)-R12+S12 -> 0
A13: 12 | G13: =E13*F13 -> 0 | J13: 0.5 | K13: =1-J13 -> 0.5 | L13: =ROUND(E13*J13,0) -> 0 | M13: =E13-L13 -> 0 | N13: =G13*J13 -> 0 | O13: =G13*K13 -> 0 | T13: =IF(H13="High Park",N13,0)-IF(H13="Oakville",O13,0)-R13+S13 -> 0
A14: 13 | G14: =E14*F14 -> 0 | J14: 0.5 | K14: =1-J14 -> 0.5 | L14: =ROUND(E14*J14,0) -> 0 | M14: =E14-L14 -> 0 | N14: =G14*J14 -> 0 | O14: =G14*K14 -> 0 | T14: =IF(H14="High Park",N14,0)-IF(H14="Oakville",O14,0)-R14+S14 -> 0
A15: 14 | G15: =E15*F15 -> 0 | J15: 0.5 | K15: =1-J15 -> 0.5 | L15: =ROUND(E15*J15,0) -> 0 | M15: =E15-L15 -> 0 | N15: =G15*J15 -> 0 | O15: =G15*K15 -> 0 | T15: =IF(H15="High Park",N15,0)-IF(H15="Oakville",O15,0)-R15+S15 -> 0
A16: 15 | G16: =E16*F16 -> 0 | J16: 0.5 | K16: =1-J16 -> 0.5 | L16: =ROUND(E16*J16,0) -> 0 | M16: =E16-L16 -> 0 | N16: =G16*J16 -> 0 | O16: =G16*K16 -> 0 | T16: =IF(H16="High Park",N16,0)-IF(H16="Oakville",O16,0)-R16+S16 -> 0
A17: 16 | G17: =E17*F17 -> 0 | J17: 0.5 | K17: =1-J17 -> 0.5 | L17: =ROUND(E17*J17,0) -> 0 | M17: =E17-L17 -> 0 | N17: =G17*J17 -> 0 | O17: =G17*K17 -> 0 | T17: =IF(H17="High Park",N17,0)-IF(H17="Oakville",O17,0)-R17+S17 -> 0
A18: 17 | G18: =E18*F18 -> 0 | J18: 0.5 | K18: =1-J18 -> 0.5 | L18: =ROUND(E18*J18,0) -> 0 | M18: =E18-L18 -> 0 | N18: =G18*J18 -> 0 | O18: =G18*K18 -> 0 | T18: =IF(H18="High Park",N18,0)-IF(H18="Oakville",O18,0)-R18+S18 -> 0
A19: 18 | G19: =E19*F19 -> 0 | J19: 0.5 | K19: =1-J19 -> 0.5 | L19: =ROUND(E19*J19,0) -> 0 | M19: =E19-L19 -> 0 | N19: =G19*J19 -> 0 | O19: =G19*K19 -> 0 | T19: =IF(H19="High Park",N19,0)-IF(H19="Oakville",O19,0)-R19+S19 -> 0
A20: 19 | G20: =E20*F20 -> 0 | J20: 0.5 | K20: =1-J20 -> 0.5 | L20: =ROUND(E20*J20,0) -> 0 | M20: =E20-L20 -> 0 | N20: =G20*J20 -> 0 | O20: =G20*K20 -> 0 | T20: =IF(H20="High Park",N20,0)-IF(H20="Oakville",O20,0)-R20+S20 -> 0
A21: 20 | G21: =E21*F21 -> 0 | J21: 0.5 | K21: =1-J21 -> 0.5 | L21: =ROUND(E21*J21,0) -> 0 | M21: =E21-L21 -> 0 | N21: =G21*J21 -> 0 | O21: =G21*K21 -> 0 | T21: =IF(H21="High Park",N21,0)-IF(H21="Oakville",O21,0)-R21+S21 -> 0
... A51: 50 | G51: =E51*F51 -> 0 | J51: 0.5 | K51: =1-J51 -> 0.5 | L51: =ROUND(E51*J51,0) -> 0 | M51: =E51-L51 -> 0 | N51: =G51*J51 -> 0 | O51: =G51*K51 -> 0 | T51: =IF(H51="High Park",N51,0)-IF(H51="Oakville",O51,0)-R51+S51 -> 0

Sheet SETTLEMENT_SUMMARY
A1: SETTLEMENT SUMMARY
A3: Date Filter (optional)
A4: Start Date
A5: End Date
A7: Metric | B7: Amount
A8: Total Shared Bulk Cost | B8: =SUM(SHARED_BULK_LEDGER!G2:G51) -> 5262.6
A9: Paid by Oakville | B9: =SUMIF(SHARED_BULK_LEDGER!H2:H51,"Oakville",SHARED_BULK_LEDGER!G2:G51) -> 3348.8
A10: Paid by High Park | B10: =SUMIF(SHARED_BULK_LEDGER!H2:H51,"High Park",SHARED_BULK_LEDGER!G2:G51) -> 1913.8
A11: Allocated Share — Oakville | B11: =SUM(SHARED_BULK_LEDGER!N2:N51) -> 3008.85
A12: Allocated Share — High Park | B12: =SUM(SHARED_BULK_LEDGER!O2:O51) -> 2253.75
A13: Total Reimbursements OAK→HP | B13: =SUM(SHARED_BULK_LEDGER!R2:R51) -> 200
A14: Total Reimbursements HP→OAK | B14: =SUM(SHARED_BULK_LEDGER!S2:S51) -> 200
A16: NET: Oakville Owes High Park | B16: =SUM(SHARED_BULK_LEDGER!T2:T51) -> -339.95
A18: SETTLEMENT DIRECTION
A19: Direction | B19: Amount
A20: =IF(B16>0,"Oakville pays High Park","High Park pays Oakville") -> High Park pays Oakville | B20: =ABS(B16) -> 339.95

Sheet SUPPLIER_ORDER_PLAN
A1: # | B1: Code | C1: Description | D1: Brand/Supplier | E1: Unit Cost | F1: Buy OAK (cases) | G1: Buy HP (cases) | H1: Total Cases | I1: Est Spend ($) | J1: Action Flag
A2: =ITEM_MASTER_CLEAN!A2 -> 1 | B2: =ITEM_MASTER_CLEAN!B2 -> 62966 | C2: =ITEM_MASTER_CLEAN!C2 -> 9 CAKE WHITE LAYER 8" 24X354G | D2: =ITEM_MASTER_CLEAN!E2 -> RICH | E2: =ITEM_MASTER_CLEAN!F2 -> 60.84 | F2: =IF(LowCashMode="ON",LOW_CASH_MODE!L2,REBALANCE_PLAN!Q2) -> 24 | G2: =IF(LowCashMode="ON",LOW_CASH_MODE!M2,REBALANCE_PLAN!R2) -> 24 | H2: =F2+G2 -> 48 | I2: =H2*E2 -> 2920.32 | J2: =IF(H2=0,"—",IF(LowCashMode="ON",IF(LOW_CASH_MODE!R2="BUY NOW","BUY NOW","DEFER"),IF(REBALANCE_PLAN!M2<>"None","TRANSFER FIRST","BUY"))) -> BUY
A3: =ITEM_MASTER_CLEAN!A3 -> 2 | B3: =ITEM_MASTER_CLEAN!B3 -> 62967 | C3: =ITEM_MASTER_CLEAN!C3 -> 9 CAKE CHOC LAYER 8" 24X354G | D3: =ITEM_MASTER_CLEAN!E3 -> RICH | E3: =ITEM_MASTER_CLEAN!F3 -> 23.82 | F3: =IF(LowCashMode="ON",LOW_CASH_MODE!L3,REBALANCE_PLAN!Q3) -> 0 | G3: =IF(LowCashMode="ON",LOW_CASH_MODE!M3,REBALANCE_PLAN!R3) -> 24 | H3: =F3+G3 -> 24 | I3: =H3*E3 -> 571.68 | J3: =IF(H3=0,"—",IF(LowCashMode="ON",IF(LOW_CASH_MODE!R3="BUY NOW","BUY NOW","DEFER"),IF(REBALANCE_PLAN!M3<>"None","TRANSFER FIRST","BUY"))) -> BUY
A4: =ITEM_MASTER_CLEAN!A4 -> 3 | B4: =ITEM_MASTER_CLEAN!B4 -> 62963 | C4: =ITEM_MASTER_CLEAN!C4 -> ICING PRE-WHIPPED VANILLA 6.8K | D4: =ITEM_MASTER_CLEAN!E4 -> RICH | E4: =ITEM_MASTER_CLEAN!F4 -> 54.51 | F4: =IF(LowCashMode="ON",LOW_CASH_MODE!L4,REBALANCE_PLAN!Q4) -> 0 | G4: =IF(LowCashMode="ON",LOW_CASH_MODE!M4,REBALANCE_PLAN!R4) -> 0 | H4: =F4+G4 -> 0 | I4: =H4*E4 -> 0 | J4: =IF(H4=0,"—",IF(LowCashMode="ON",IF(LOW_CASH_MODE!R4="BUY NOW","BUY NOW","DEFER"),IF(REBALANCE_PLAN!M4<>"None","TRANSFER FIRST","BUY"))) -> —
A5: =ITEM_MASTER_CLEAN!A5 -> 4 | B5: =ITEM_MASTER_CLEAN!B5 -> 22400 | C5: =ITEM_MASTER_CLEAN!C5 -> LADIP LABEL CHOCOLATE CAKE 1RLX50UN | D5: =ITEM_MASTER_CLEAN!E5 -> LA DIPERIE | E5: =ITEM_MASTER_CLEAN!F5 -> 19.55 | F5: =IF(LowCashMode="ON",LOW_CASH_MODE!L5,REBALANCE_PLAN!Q5) -> 2 | G5: =IF(LowCashMode="ON",LOW_CASH_MODE!M5,REBALANCE_PLAN!R5) -> 1 | H5: =F5+G5 -> 3 | I5: =H5*E5 -> 58.65 | J5: =IF(H5=0,"—",IF(LowCashMode="ON",IF(LOW_CASH_MODE!R5="BUY NOW","BUY NOW","DEFER"),IF(REBALANCE_PLAN!M5<>"None","TRANSFER FIRST","BUY"))) -> BUY
A6: =ITEM_MASTER_CLEAN!A6 -> 5 | B6: =ITEM_MASTER_CLEAN!B6 -> 22401 | C6: =ITEM_MASTER_CLEAN!C6 -> LADIP LABEL BIRTHDAY CAKE 1RLX50UN | D6: =ITEM_MASTER_CLEAN!E6 -> LA DIPERIE | E6: =ITEM_MASTER_CLEAN!F6 -> 23.36 | F6: =IF(LowCashMode="ON",LOW_CASH_MODE!L6,REBALANCE_PLAN!Q6) -> 0 | G6: =IF(LowCashMode="ON",LOW_CASH_MODE!M6,REBALANCE_PLAN!R6) -> 0 | H6: =F6+G6 -> 0 | I6: =H6*E6 -> 0 | J6: =IF(H6=0,"—",IF(LowCashMode="ON",IF(LOW_CASH_MODE!R6="BUY NOW","BUY NOW","DEFER"),IF(REBALANCE_PLAN!M6<>"None","TRANSFER FIRST","BUY"))) -> —
A7: =ITEM_MASTER_CLEAN!A7 -> 6 | B7: =ITEM_MASTER_CLEAN!B7 -> 22402 | C7: =ITEM_MASTER_CLEAN!C7 -> LADIP LABEL COOKIE & CREAM CAKE 1RL | D7: =ITEM_MASTER_CLEAN!E7 -> LA DIPERIE | E7: =ITEM_MASTER_CLEAN!F7 -> 18.46 | F7: =IF(LowCashMode="ON",LOW_CASH_MODE!L7,REBALANCE_PLAN!Q7) -> 1 | G7: =IF(LowCashMode="ON",LOW_CASH_MODE!M7,REBALANCE_PLAN!R7) -> 1 | H7: =F7+G7 -> 2 | I7: =H7*E7 -> 36.92 | J7: =IF(H7=0,"—",IF(LowCashMode="ON",IF(LOW_CASH_MODE!R7="BUY NOW","BUY NOW","DEFER"),IF(REBALANCE_PLAN!M7<>"None","TRANSFER FIRST","BUY"))) -> BUY
A8: =ITEM_MASTER_CLEAN!A8 -> 7 | B8: =ITEM_MASTER_CLEAN!B8 -> 22406 | C8: =ITEM_MASTER_CLEAN!C8 -> LADIP LABEL SALTD CARAMEL CAKE 1RL | D8: =ITEM_MASTER_CLEAN!E8 -> LA DIPERIE | E8: =ITEM_MASTER_CLEAN!F8 -> 19.63 | F8: =IF(LowCashMode="ON",LOW_CASH_MODE!L8,REBALANCE_PLAN!Q8) -> 0 | G8: =IF(LowCashMode="ON",LOW_CASH_MODE!M8,REBALANCE_PLAN!R8) -> 2 | H8: =F8+G8 -> 2 | I8: =H8*E8 -> 39.26 | J8: =IF(H8=0,"—",IF(LowCashMode="ON",IF(LOW_CASH_MODE!R8="BUY NOW","BUY NOW","DEFER"),IF(REBALANCE_PLAN!M8<>"None","TRANSFER FIRST","BUY"))) -> BUY
A9: =ITEM_MASTER_CLEAN!A9 -> 8 | B9: =ITEM_MASTER_CLEAN!B9 -> 22407 | C9: =ITEM_MASTER_CLEAN!C9 -> LADIP LABEL STRABERRY CAKE 1RLX50UN | D9: =ITEM_MASTER_CLEAN!E9 -> LA DIPERIE | E9: =ITEM_MASTER_CLEAN!F9 -> 22.62 | F9: =IF(LowCashMode="ON",LOW_CASH_MODE!L9,REBALANCE_PLAN!Q9) -> 0 | G9: =IF(LowCashMode="ON",LOW_CASH_MODE!M9,REBALANCE_PLAN!R9) -> 0 | H9: =F9+G9 -> 0 | I9: =H9*E9 -> 0 | J9: =IF(H9=0,"—",IF(LowCashMode="ON",IF(LOW_CASH_MODE!R9="BUY NOW","BUY NOW","DEFER"),IF(REBALANCE_PLAN!M9<>"None","TRANSFER FIRST","BUY"))) -> —
A10: =ITEM_MASTER_CLEAN!A10 -> 9 | B10: =ITEM_MASTER_CLEAN!B10 -> 25800 | C10: =ITEM_MASTER_CLEAN!C10 -> CAKE CARDBOARD 8" BLCK GOLD 100 | D10: =ITEM_MASTER_CLEAN!E10 -> CAPITALE | E10: =ITEM_MASTER_CLEAN!F10 -> 15.99 | F10: =IF(LowCashMode="ON",LOW_CASH_MODE!L10,REBALANCE_PLAN!Q10) -> 0 | G10: =IF(LowCashMode="ON",LOW_CASH_MODE!M10,REBALANCE_PLAN!R10) -> 0 | H10: =F10+G10 -> 0 | I10: =H10*E10 -> 0 | J10: =IF(H10=0,"—",IF(LowCashMode="ON",IF(LOW_CASH_MODE!R10="BUY NOW","BUY NOW","DEFER"),IF(REBALANCE_PLAN!M10<>"None","TRANSFER FIRST","BUY"))) -> —
A11: =ITEM_MASTER_CLEAN!A11 -> 10 | B11: =ITEM_MASTER_CLEAN!B11 -> 25802 | C11: =ITEM_MASTER_CLEAN!C11 -> ACETATE ROLL 3.5"X1250" 4MM 1RL | D11: =ITEM_MASTER_CLEAN!E11 -> CAPITALE | E11: =ITEM_MASTER_CLEAN!F11 -> 23.42 | F11: =IF(LowCashMode="ON",LOW_CASH_MODE!L11,REBALANCE_PLAN!Q11) -> 0 | G11: =IF(LowCashMode="ON",LOW_CASH_MODE!M11,REBALANCE_PLAN!R11) -> 0 | H11: =F11+G11 -> 0 | I11: =H11*E11 -> 0 | J11: =IF(H11=0,"—",IF(LowCashMode="ON",IF(LOW_CASH_MODE!R11="BUY NOW","BUY NOW","DEFER"),IF(REBALANCE_PLAN!M11<>"None","TRANSFER FIRST","BUY"))) -> —
A12: =ITEM_MASTER_CLEAN!A12 -> 11 | B12: =ITEM_MASTER_CLEAN!B12 -> 19689 | C12: =ITEM_MASTER_CLEAN!C12 -> CAKE CUPCAKE BLACKOUT 8X4UN | D12: =ITEM_MASTER_CLEAN!E12 -> COV CAKES | E12: =ITEM_MASTER_CLEAN!F12 -> 13.82 | F12: =IF(LowCashMode="ON",LOW_CASH_MODE!L12,REBALANCE_PLAN!Q12) -> 8 | G12: =IF(LowCashMode="ON",LOW_CASH_MODE!M12,REBALANCE_PLAN!R12) -> 8 | H12: =F12+G12 -> 16 | I12: =H12*E12 -> 221.12 | J12: =IF(H12=0,"—",IF(LowCashMode="ON",IF(LOW_CASH_MODE!R12="BUY NOW","BUY NOW","DEFER"),IF(REBALANCE_PLAN!M12<>"None","TRANSFER FIRST","BUY"))) -> BUY
A13: =ITEM_MASTER_CLEAN!A13 -> 12 | B13: =ITEM_MASTER_CLEAN!B13 -> 19692 | C13: =ITEM_MASTER_CLEAN!C13 -> CAKE CUPCAKE RED VELVET 8X4UN | D13: =ITEM_MASTER_CLEAN!E13 -> COV CAKES | E13: =ITEM_MASTER_CLEAN!F13 -> 21.36 | F13: =IF(LowCashMode="ON",LOW_CASH_MODE!L13,REBALANCE_PLAN!Q13) -> 0 | G13: =IF(LowCashMode="ON",LOW_CASH_MODE!M13,REBALANCE_PLAN!R13) -> 0 | H13: =F13+G13 -> 0 | I13: =H13*E13 -> 0 | J13: =IF(H13=0,"—",IF(LowCashMode="ON",IF(LOW_CASH_MODE!R13="BUY NOW","BUY NOW","DEFER"),IF(REBALANCE_PLAN!M13<>"None","TRANSFER FIRST","BUY"))) -> —
... A263: =ITEM_MASTER_CLEAN!A263 -> 262 | B263: =ITEM_MASTER_CLEAN!B263 -> 61804 | C263: =ITEM_MASTER_CLEAN!C263 -> LADIP BOX POPCORN 6X2.75X8.5 100 | D263: =ITEM_MASTER_CLEAN!E263 -> VIRAGE VER | E263: =ITEM_MASTER_CLEAN!F263 -> 16.46 | F263: =IF(LowCashMode="ON",LOW_CASH_MODE!L263,REBALANCE_PLAN!Q263) -> 5 | G263: =IF(LowCashMode="ON",LOW_CASH_MODE!M263,REBALANCE_PLAN!R263) -> 1 | H263: =F263+G263 -> 6 | I263: =H263*E263 -> 98.76 | J263: =IF(H263=0,"—",IF(LowCashMode="ON",IF(LOW_CASH_MODE!R263="BUY NOW","BUY NOW","DEFER"),IF(REBALANCE_PLAN!M263<>"None","TRANSFER FIRST","BUY"))) -> BUY

Sheet INV_VALUE_HEALTH
A1: # | B1: Code | C1: Description | D1: Unit Cost | E1: On-Hand OAK | F1: On-Hand HP | G1: Par OAK | H1: Par HP | I1: Inv Value OAK ($) | J1: Inv Value HP ($) | K1: Overstock OAK ($) | L1: Overstock HP ($) | M1: Understock OAK ($) | N1: Understock HP ($) | O1: Days Coverage OAK | P1: Days Coverage HP
A2: =ITEM_MASTER_CLEAN!A2 -> 1 | B2: =ITEM_MASTER_CLEAN!B2 -> 62966 | C2: =ITEM_MASTER_CLEAN!C2 -> 9 CAKE WHITE LAYER 8" 24X354G | D2: =ITEM_MASTER_CLEAN!F2 -> 60.84 | E2: =ITEM_MASTER_CLEAN!H2 -> 1 | F2: =ITEM_MASTER_CLEAN!I2 -> 5 | G2: =PAR_LEVELS!J2 -> 1.8571429 | H2: =PAR_LEVELS!K2 -> 5.5714286 | I2: =E2*D2 -> 60.84 | J2: =F2*D2 -> 304.2 | K2: =MAX(E2-G2,0)*D2 -> 0 | L2: =MAX(F2-H2,0)*D2 -> 0 | M2: =MAX(G2-E2,0)*D2 -> 52.148571 | N2: =MAX(H2-F2,0)*D2 -> 34.765714 | O2: =IFERROR(E2/DEMAND_MODEL!K2,999) -> 7 | P2: =IFERROR(F2/DEMAND_MODEL!L2,999) -> 11.666667
A3: =ITEM_MASTER_CLEAN!A3 -> 2 | B3: =ITEM_MASTER_CLEAN!B3 -> 62967 | C3: =ITEM_MASTER_CLEAN!C3 -> 9 CAKE CHOC LAYER 8" 24X354G | D3: =ITEM_MASTER_CLEAN!F3 -> 23.82 | E3: =ITEM_MASTER_CLEAN!H3 -> 11 | F3: =ITEM_MASTER_CLEAN!I3 -> 0 | G3: =PAR_LEVELS!J3 -> 7.4285714 | H3: =PAR_LEVELS!K3 -> 1.8571429 | I3: =E3*D3 -> 262.02 | J3: =F3*D3 -> 0 | K3: =MAX(E3-G3,0)*D3 -> 85.071429 | L3: =MAX(F3-H3,0)*D3 -> 0 | M3: =MAX(G3-E3,0)*D3 -> 0 | N3: =MAX(H3-F3,0)*D3 -> 44.237143 | O3: =IFERROR(E3/DEMAND_MODEL!K3,999) -> 19.25 | P3: =IFERROR(F3/DEMAND_MODEL!L3,999) -> 0
A4: =ITEM_MASTER_CLEAN!A4 -> 3 | B4: =ITEM_MASTER_CLEAN!B4 -> 62963 | C4: =ITEM_MASTER_CLEAN!C4 -> ICING PRE-WHIPPED VANILLA 6.8K | D4: =ITEM_MASTER_CLEAN!F4 -> 54.51 | E4: =ITEM_MASTER_CLEAN!H4 -> 9 | F4: =ITEM_MASTER_CLEAN!I4 -> 6 | G4: =PAR_LEVELS!J4 -> 3.7142857 | H4: =PAR_LEVELS!K4 -> 3.7142857 | I4: =E4*D4 -> 490.59 | J4: =F4*D4 -> 327.06 | K4: =MAX(E4-G4,0)*D4 -> 288.12429 | L4: =MAX(F4-H4,0)*D4 -> 124.59429 | M4: =MAX(G4-E4,0)*D4 -> 0 | N4: =MAX(H4-F4,0)*D4 -> 0 | O4: =IFERROR(E4/DEMAND_MODEL!K4,999) -> 31.5 | P4: =IFERROR(F4/DEMAND_MODEL!L4,999) -> 21
A5: =ITEM_MASTER_CLEAN!A5 -> 4 | B5: =ITEM_MASTER_CLEAN!B5 -> 22400 | C5: =ITEM_MASTER_CLEAN!C5 -> LADIP LABEL CHOCOLATE CAKE 1RLX50UN | D5: =ITEM_MASTER_CLEAN!F5 -> 19.55 | E5: =ITEM_MASTER_CLEAN!H5 -> 4 | F5: =ITEM_MASTER_CLEAN!I5 -> 1 | G5: =PAR_LEVELS!J5 -> 5.5714286 | H5: =PAR_LEVELS!K5 -> 1.8571429 | I5: =E5*D5 -> 78.2 | J5: =F5*D5 -> 19.55 | K5: =MAX(E5-G5,0)*D5 -> 0 | L5: =MAX(F5-H5,0)*D5 -> 0 | M5: =MAX(G5-E5,0)*D5 -> 30.721429 | N5: =MAX(H5-F5,0)*D5 -> 16.757143 | O5: =IFERROR(E5/DEMAND_MODEL!K5,999) -> 9.3333333 | P5: =IFERROR(F5/DEMAND_MODEL!L5,999) -> 7
A6: =ITEM_MASTER_CLEAN!A6 -> 5 | B6: =ITEM_MASTER_CLEAN!B6 -> 22401 | C6: =ITEM_MASTER_CLEAN!C6 -> LADIP LABEL BIRTHDAY CAKE 1RLX50UN | D6: =ITEM_MASTER_CLEAN!F6 -> 23.36 | E6: =ITEM_MASTER_CLEAN!H6 -> 18 | F6: =ITEM_MASTER_CLEAN!I6 -> 4 | G6: =PAR_LEVELS!J6 -> 7.4285714 | H6: =PAR_LEVELS!K6 -> 1.8571429 | I6: =E6*D6 -> 420.48 | J6: =F6*D6 -> 93.44 | K6: =MAX(E6-G6,0)*D6 -> 246.94857 | L6: =MAX(F6-H6,0)*D6 -> 50.057143 | M6: =MAX(G6-E6,0)*D6 -> 0 | N6: =MAX(H6-F6,0)*D6 -> 0 | O6: =IFERROR(E6/DEMAND_MODEL!K6,999) -> 31.5 | P6: =IFERROR(F6/DEMAND_MODEL!L6,999) -> 28
A7: =ITEM_MASTER_CLEAN!A7 -> 6 | B7: =ITEM_MASTER_CLEAN!B7 -> 22402 | C7: =ITEM_MASTER_CLEAN!C7 -> LADIP LABEL COOKIE & CREAM CAKE 1RL | D7: =ITEM_MASTER_CLEAN!F7 -> 18.46 | E7: =ITEM_MASTER_CLEAN!H7 -> 3 | F7: =ITEM_MASTER_CLEAN!I7 -> 3 | G7: =PAR_LEVELS!J7 -> 3.7142857 | H7: =PAR_LEVELS!K7 -> 3.7142857 | I7: =E7*D7 -> 55.38 | J7: =F7*D7 -> 55.38 | K7: =MAX(E7-G7,0)*D7 -> 0 | L7: =MAX(F7-H7,0)*D7 -> 0 | M7: =MAX(G7-E7,0)*D7 -> 13.185714 | N7: =MAX(H7-F7,0)*D7 -> 13.185714 | O7: =IFERROR(E7/DEMAND_MODEL!K7,999) -> 10.5 | P7: =IFERROR(F7/DEMAND_MODEL!L7,999) -> 10.5
A8: =ITEM_MASTER_CLEAN!A8 -> 7 | B8: =ITEM_MASTER_CLEAN!B8 -> 22406 | C8: =ITEM_MASTER_CLEAN!C8 -> LADIP LABEL SALTD CARAMEL CAKE 1RL | D8: =ITEM_MASTER_CLEAN!F8 -> 19.63 | E8: =ITEM_MASTER_CLEAN!H8 -> 10 | F8: =ITEM_MASTER_CLEAN!I8 -> 0 | G8: =PAR_LEVELS!J8 -> 5.5714286 | H8: =PAR_LEVELS!K8 -> 1.8571429 | I8: =E8*D8 -> 196.3 | J8: =F8*D8 -> 0 | K8: =MAX(E8-G8,0)*D8 -> 86.932857 | L8: =MAX(F8-H8,0)*D8 -> 0 | M8: =MAX(G8-E8,0)*D8 -> 0 | N8: =MAX(H8-F8,0)*D8 -> 36.455714 | O8: =IFERROR(E8/DEMAND_MODEL!K8,999) -> 23.333333 | P8: =IFERROR(F8/DEMAND_MODEL!L8,999) -> 0
A9: =ITEM_MASTER_CLEAN!A9 -> 8 | B9: =ITEM_MASTER_CLEAN!B9 -> 22407 | C9: =ITEM_MASTER_CLEAN!C9 -> LADIP LABEL STRABERRY CAKE 1RLX50UN | D9: =ITEM_MASTER_CLEAN!F9 -> 22.62 | E9: =ITEM_MASTER_CLEAN!H9 -> 1 | F9: =ITEM_MASTER_CLEAN!I9 -> 11 | G9: =PAR_LEVELS!J9 -> 5.5714286 | H9: =PAR_LEVELS!K9 -> 5.5714286 | I9: =E9*D9 -> 22.62 | J9: =F9*D9 -> 248.82 | K9: =MAX(E9-G9,0)*D9 -> 0 | L9: =MAX(F9-H9,0)*D9 -> 122.79429 | M9: =MAX(G9-E9,0)*D9 -> 103.40571 | N9: =MAX(H9-F9,0)*D9 -> 0 | O9: =IFERROR(E9/DEMAND_MODEL!K9,999) -> 2.3333333 | P9: =IFERROR(F9/DEMAND_MODEL!L9,999) -> 25.666667
A10: =ITEM_MASTER_CLEAN!A10 -> 9 | B10: =ITEM_MASTER_CLEAN!B10 -> 25800 | C10: =ITEM_MASTER_CLEAN!C10 -> CAKE CARDBOARD 8" BLCK GOLD 100 | D10: =ITEM_MASTER_CLEAN!F10 -> 15.99 | E10: =ITEM_MASTER_CLEAN!H10 -> 11 | F10: =ITEM_MASTER_CLEAN!I10 -> 4 | G10: =PAR_LEVELS!J10 -> 5.5714286 | H10: =PAR_LEVELS!K10 -> 1.8571429 | I10: =E10*D10 -> 175.89 | J10: =F10*D10 -> 63.96 | K10: =MAX(E10-G10,0)*D10 -> 86.802857 | L10: =MAX(F10-H10,0)*D10 -> 34.264286 | M10: =MAX(G10-E10,0)*D10 -> 0 | N10: =MAX(H10-F10,0)*D10 -> 0 | O10: =IFERROR(E10/DEMAND_MODEL!K10,999) -> 25.666667 | P10: =IFERROR(F10/DEMAND_MODEL!L10,999) -> 28
A11: =ITEM_MASTER_CLEAN!A11 -> 10 | B11: =ITEM_MASTER_CLEAN!B11 -> 25802 | C11: =ITEM_MASTER_CLEAN!C11 -> ACETATE ROLL 3.5"X1250" 4MM 1RL | D11: =ITEM_MASTER_CLEAN!F11 -> 23.42 | E11: =ITEM_MASTER_CLEAN!H11 -> 14 | F11: =ITEM_MASTER_CLEAN!I11 -> 11 | G11: =PAR_LEVELS!J11 -> 5.5714286 | H11: =PAR_LEVELS!K11 -> 5.5714286 | I11: =E11*D11 -> 327.88 | J11: =F11*D11 -> 257.62 | K11: =MAX(E11-G11,0)*D11 -> 197.39714 | L11: =MAX(F11-H11,0)*D11 -> 127.13714 | M11: =MAX(G11-E11,0)*D11 -> 0 | N11: =MAX(H11-F11,0)*D11 -> 0 | O11: =IFERROR(E11/DEMAND_MODEL!K11,999) -> 32.666667 | P11: =IFERROR(F11/DEMAND_MODEL!L11,999) -> 25.666667
A12: =ITEM_MASTER_CLEAN!A12 -> 11 | B12: =ITEM_MASTER_CLEAN!B12 -> 19689 | C12: =ITEM_MASTER_CLEAN!C12 -> CAKE CUPCAKE BLACKOUT 8X4UN | D12: =ITEM_MASTER_CLEAN!F12 -> 13.82 | E12: =ITEM_MASTER_CLEAN!H12 -> 1 | F12: =ITEM_MASTER_CLEAN!I12 -> 1 | G12: =PAR_LEVELS!J12 -> 1.8571429 | H12: =PAR_LEVELS!K12 -> 1.8571429 | I12: =E12*D12 -> 13.82 | J12: =F12*D12 -> 13.82 | K12: =MAX(E12-G12,0)*D12 -> 0 | L12: =MAX(F12-H12,0)*D12 -> 0 | M12: =MAX(G12-E12,0)*D12 -> 11.845714 | N12: =MAX(H12-F12,0)*D12 -> 11.845714 | O12: =IFERROR(E12/DEMAND_MODEL!K12,999) -> 7 | P12: =IFERROR(F12/DEMAND_MODEL!L12,999) -> 7
A13: =ITEM_MASTER_CLEAN!A13 -> 12 | B13: =ITEM_MASTER_CLEAN!B13 -> 19692 | C13: =ITEM_MASTER_CLEAN!C13 -> CAKE CUPCAKE RED VELVET 8X4UN | D13: =ITEM_MASTER_CLEAN!F13 -> 21.36 | E13: =ITEM_MASTER_CLEAN!H13 -> 6 | F13: =ITEM_MASTER_CLEAN!I13 -> 4 | G13: =PAR_LEVELS!J13 -> 3.7142857 | H13: =PAR_LEVELS!K13 -> 1.8571429 | I13: =E13*D13 -> 128.16 | J13: =F13*D13 -> 85.44 | K13: =MAX(E13-G13,0)*D13 -> 48.822857 | L13: =MAX(F13-H13,0)*D13 -> 45.771429 | M13: =MAX(G13-E13,0)*D13 -> 0 | N13: =MAX(H13-F13,0)*D13 -> 0 | O13: =IFERROR(E13/DEMAND_MODEL!K13,999) -> 21 | P13: =IFERROR(F13/DEMAND_MODEL!L13,999) -> 28
... A263: =ITEM_MASTER_CLEAN!A263 -> 262 | B263: =ITEM_MASTER_CLEAN!B263 -> 61804 | C263: =ITEM_MASTER_CLEAN!C263 -> LADIP BOX POPCORN 6X2.75X8.5 100 | D263: =ITEM_MASTER_CLEAN!F263 -> 16.46 | E263: =ITEM_MASTER_CLEAN!H263 -> 1 | F263: =ITEM_MASTER_CLEAN!I263 -> 1 | G263: =PAR_LEVELS!J263 -> 5.5714286 | H263: =PAR_LEVELS!K263 -> 1.8571429 | I263: =E263*D263 -> 16.46 | J263: =F263*D263 -> 16.46 | K263: =MAX(E263-G263,0)*D263 -> 0 | L263: =MAX(F263-H263,0)*D263 -> 0 | M263: =MAX(G263-E263,0)*D263 -> 75.245714 | N263: =MAX(H263-F263,0)*D263 -> 14.108571 | O263: =IFERROR(E263/DEMAND_MODEL!K263,999) -> 2.3333333 | P263: =IFERROR(F263/DEMAND_MODEL!L263,999) -> 7
A265: SUMMARY
A266: Total Inventory Value — Oakville | B266: =SUM(I2:I263) -> 48457.7
A267: Total Inventory Value — High Park | B267: =SUM(J2:J263) -> 27637.29
A268: Total Overstock $ — Oakville | B268: =SUM(K2:K263) -> 15135.899
A269: Total Overstock $ — High Park | B269: =SUM(L2:L263) -> 7618.85
A270: Total Understock $ — Oakville | B270: =SUM(M2:M263) -> 25717.624
A271: Total Understock $ — High Park | B271: =SUM(N2:N263) -> 21285.03

Sheet DASHBOARD
A1: LA DIPERIE — INVENTORY DASHBOARD
A3: KPI | B3: Value
A4: Total Inventory Value — Oakville | B4: =INV_VALUE_HEALTH!B266 -> 48457.7
A5: Total Inventory Value — High Park | B5: =INV_VALUE_HEALTH!B267 -> 27637.29
A6: Combined Inventory Value | B6: =B4+B5 -> 76094.99
A7: Overstock $ — Oakville | B7: =INV_VALUE_HEALTH!B268 -> 15135.899
A8: Overstock $ — High Park | B8: =INV_VALUE_HEALTH!B269 -> 7618.85
A9: Understock $ — Oakville | B9: =INV_VALUE_HEALTH!B270 -> 25717.624
A10: Understock $ — High Park | B10: =INV_VALUE_HEALTH!B271 -> 21285.03
A11: Items with Transfer Opportunity | B11: =COUNTIF(REBALANCE_PLAN!M2:M263,"<>None") -> 27
A12: Total Suggested Purchase Spend | B12: =SUM(SUPPLIER_ORDER_PLAN!I2:I263) -> 156470.66
A13: Net Settlement (OAK owes HP) | B13: =SETTLEMENT_SUMMARY!B16 -> -339.95
A14: Low Cash Mode | B14: =LowCashMode -> OFF
A15: Items Below Safety Stock (OAK) | B15: =COUNTIF(LOW_CASH_MODE!J2:J263,"YES") -> 92
A16: Items Below Safety Stock (HP) | B16: =COUNTIF(LOW_CASH_MODE!K2:K263,"YES") -> 99

Sheet DATA_ISSUES
A1: # | B1: Code | C1: Description | D1: Issue Type | E1: Details
A2: =ITEM_MASTER_CLEAN!A2 -> 1 | B2: =ITEM_MASTER_CLEAN!B2 -> 62966 | C2: =ITEM_MASTER_CLEAN!C2 -> 9 CAKE WHITE LAYER 8" 24X354G | D2: =IF(ITEM_MASTER_CLEAN!J2<>"",ITEM_MASTER_CLEAN!J2&" COST ","")&IF(ITEM_MASTER_CLEAN!K2<>"",ITEM_MASTER_CLEAN!K2&" PACK ","")&IF(ITEM_MASTER_CLEAN!L2<>"",ITEM_MASTER_CLEAN!L2&" CAT ","")&IF(ITEM_MASTER_CLEAN!M2<>"",ITEM_MASTER_CLEAN!M2,"") | E2: =IF(D2="","No issues","Excluded from cost/value calculations where data missing") -> No issues
A3: =ITEM_MASTER_CLEAN!A3 -> 2 | B3: =ITEM_MASTER_CLEAN!B3 -> 62967 | C3: =ITEM_MASTER_CLEAN!C3 -> 9 CAKE CHOC LAYER 8" 24X354G | D3: =IF(ITEM_MASTER_CLEAN!J3<>"",ITEM_MASTER_CLEAN!J3&" COST ","")&IF(ITEM_MASTER_CLEAN!K3<>"",ITEM_MASTER_CLEAN!K3&" PACK ","")&IF(ITEM_MASTER_CLEAN!L3<>"",ITEM_MASTER_CLEAN!L3&" CAT ","")&IF(ITEM_MASTER_CLEAN!M3<>"",ITEM_MASTER_CLEAN!M3,"") | E3: =IF(D3="","No issues","Excluded from cost/value calculations where data missing") -> No issues
A4: =ITEM_MASTER_CLEAN!A4 -> 3 | B4: =ITEM_MASTER_CLEAN!B4 -> 62963 | C4: =ITEM_MASTER_CLEAN!C4 -> ICING PRE-WHIPPED VANILLA 6.8K | D4: =IF(ITEM_MASTER_CLEAN!J4<>"",ITEM_MASTER_CLEAN!J4&" COST ","")&IF(ITEM_MASTER_CLEAN!K4<>"",ITEM_MASTER_CLEAN!K4&" PACK ","")&IF(ITEM_MASTER_CLEAN!L4<>"",ITEM_MASTER_CLEAN!L4&" CAT ","")&IF(ITEM_MASTER_CLEAN!M4<>"",ITEM_MASTER_CLEAN!M4,"") | E4: =IF(D4="","No issues","Excluded from cost/value calculations where data missing") -> No issues
A5: =ITEM_MASTER_CLEAN!A5 -> 4 | B5: =ITEM_MASTER_CLEAN!B5 -> 22400 | C5: =ITEM_MASTER_CLEAN!C5 -> LADIP LABEL CHOCOLATE CAKE 1RLX50UN | D5: =IF(ITEM_MASTER_CLEAN!J5<>"",ITEM_MASTER_CLEAN!J5&" COST ","")&IF(ITEM_MASTER_CLEAN!K5<>"",ITEM_MASTER_CLEAN!K5&" PACK ","")&IF(ITEM_MASTER_CLEAN!L5<>"",ITEM_MASTER_CLEAN!L5&" CAT ","")&IF(ITEM_MASTER_CLEAN!M5<>"",ITEM_MASTER_CLEAN!M5,"") | E5: =IF(D5="","No issues","Excluded from cost/value calculations where data missing") -> No issues
A6: =ITEM_MASTER_CLEAN!A6 -> 5 | B6: =ITEM_MASTER_CLEAN!B6 -> 22401 | C6: =ITEM_MASTER_CLEAN!C6 -> LADIP LABEL BIRTHDAY CAKE 1RLX50UN | D6: =IF(ITEM_MASTER_CLEAN!J6<>"",ITEM_MASTER_CLEAN!J6&" COST ","")&IF(ITEM_MASTER_CLEAN!K6<>"",ITEM_MASTER_CLEAN!K6&" PACK ","")&IF(ITEM_MASTER_CLEAN!L6<>"",ITEM_MASTER_CLEAN!L6&" CAT ","")&IF(ITEM_MASTER_CLEAN!M6<>"",ITEM_MASTER_CLEAN!M6,"") | E6: =IF(D6="","No issues","Excluded from cost/value calculations where data missing") -> No issues
A7: =ITEM_MASTER_CLEAN!A7 -> 6 | B7: =ITEM_MASTER_CLEAN!B7 -> 22402 | C7: =ITEM_MASTER_CLEAN!C7 -> LADIP LABEL COOKIE & CREAM CAKE 1RL | D7: =IF(ITEM_MASTER_CLEAN!J7<>"",ITEM_MASTER_CLEAN!J7&" COST ","")&IF(ITEM_MASTER_CLEAN!K7<>"",ITEM_MASTER_CLEAN!K7&" PACK ","")&IF(ITEM_MASTER_CLEAN!L7<>"",ITEM_MASTER_CLEAN!L7&" CAT ","")&IF(ITEM_MASTER_CLEAN!M7<>"",ITEM_MASTER_CLEAN!M7,"") | E7: =IF(D7="","No issues","Excluded from cost/value calculations where data missing") -> No issues
A8: =ITEM_MASTER_CLEAN!A8 -> 7 | B8: =ITEM_MASTER_CLEAN!B8 -> 22406 | C8: =ITEM_MASTER_CLEAN!C8 -> LADIP LABEL SALTD CARAMEL CAKE 1RL | D8: =IF(ITEM_MASTER_CLEAN!J8<>"",ITEM_MASTER_CLEAN!J8&" COST ","")&IF(ITEM_MASTER_CLEAN!K8<>"",ITEM_MASTER_CLEAN!K8&" PACK ","")&IF(ITEM_MASTER_CLEAN!L8<>"",ITEM_MASTER_CLEAN!L8&" CAT ","")&IF(ITEM_MASTER_CLEAN!M8<>"",ITEM_MASTER_CLEAN!M8,"") | E8: =IF(D8="","No issues","Excluded from cost/value calculations where data missing") -> No issues
A9: =ITEM_MASTER_CLEAN!A9 -> 8 | B9: =ITEM_MASTER_CLEAN!B9 -> 22407 | C9: =ITEM_MASTER_CLEAN!C9 -> LADIP LABEL STRABERRY CAKE 1RLX50UN | D9: =IF(ITEM_MASTER_CLEAN!J9<>"",ITEM_MASTER_CLEAN!J9&" COST ","")&IF(ITEM_MASTER_CLEAN!K9<>"",ITEM_MASTER_CLEAN!K9&" PACK ","")&IF(ITEM_MASTER_CLEAN!L9<>"",ITEM_MASTER_CLEAN!L9&" CAT ","")&IF(ITEM_MASTER_CLEAN!M9<>"",ITEM_MASTER_CLEAN!M9,"") | E9: =IF(D9="","No issues","Excluded from cost/value calculations where data missing") -> No issues
A10: =ITEM_MASTER_CLEAN!A10 -> 9 | B10: =ITEM_MASTER_CLEAN!B10 -> 25800 | C10: =ITEM_MASTER_CLEAN!C10 -> CAKE CARDBOARD 8" BLCK GOLD 100 | D10: =IF(ITEM_MASTER_CLEAN!J10<>"",ITEM_MASTER_CLEAN!J10&" COST ","")&IF(ITEM_MASTER_CLEAN!K10<>"",ITEM_MASTER_CLEAN!K10&" PACK ","")&IF(ITEM_MASTER_CLEAN!L10<>"",ITEM_MASTER_CLEAN!L10&" CAT ","")&IF(ITEM_MASTER_CLEAN!M10<>"",ITEM_MASTER_CLEAN!M10,"") | E10: =IF(D10="","No issues","Excluded from cost/value calculations where data missing") -> No issues
A11: =ITEM_MASTER_CLEAN!A11 -> 10 | B11: =ITEM_MASTER_CLEAN!B11 -> 25802 | C11: =ITEM_MASTER_CLEAN!C11 -> ACETATE ROLL 3.5"X1250" 4MM 1RL | D11: =IF(ITEM_MASTER_CLEAN!J11<>"",ITEM_MASTER_CLEAN!J11&" COST ","")&IF(ITEM_MASTER_CLEAN!K11<>"",ITEM_MASTER_CLEAN!K11&" PACK ","")&IF(ITEM_MASTER_CLEAN!L11<>"",ITEM_MASTER_CLEAN!L11&" CAT ","")&IF(ITEM_MASTER_CLEAN!M11<>"",ITEM_MASTER_CLEAN!M11,"") | E11: =IF(D11="","No issues","Excluded from cost/value calculations where data missing") -> No issues
A12: =ITEM_MASTER_CLEAN!A12 -> 11 | B12: =ITEM_MASTER_CLEAN!B12 -> 19689 | C12: =ITEM_MASTER_CLEAN!C12 -> CAKE CUPCAKE BLACKOUT 8X4UN | D12: =IF(ITEM_MASTER_CLEAN!J12<>"",ITEM_MASTER_CLEAN!J12&" COST ","")&IF(ITEM_MASTER_CLEAN!K12<>"",ITEM_MASTER_CLEAN!K12&" PACK ","")&IF(ITEM_MASTER_CLEAN!L12<>"",ITEM_MASTER_CLEAN!L12&" CAT ","")&IF(ITEM_MASTER_CLEAN!M12<>"",ITEM_MASTER_CLEAN!M12,"") | E12: =IF(D12="","No issues","Excluded from cost/value calculations where data missing") -> No issues
A13: =ITEM_MASTER_CLEAN!A13 -> 12 | B13: =ITEM_MASTER_CLEAN!B13 -> 19692 | C13: =ITEM_MASTER_CLEAN!C13 -> CAKE CUPCAKE RED VELVET 8X4UN | D13: =IF(ITEM_MASTER_CLEAN!J13<>"",ITEM_MASTER_CLEAN!J13&" COST ","")&IF(ITEM_MASTER_CLEAN!K13<>"",ITEM_MASTER_CLEAN!K13&" PACK ","")&IF(ITEM_MASTER_CLEAN!L13<>"",ITEM_MASTER_CLEAN!L13&" CAT ","")&IF(ITEM_MASTER_CLEAN!M13<>"",ITEM_MASTER_CLEAN!M13,"") | E13: =IF(D13="","No issues","Excluded from cost/value calculations where data missing") -> No issues
... A263: =ITEM_MASTER_CLEAN!A263 -> 262 | B263: =ITEM_MASTER_CLEAN!B263 -> 61804 | C263: =ITEM_MASTER_CLEAN!C263 -> LADIP BOX POPCORN 6X2.75X8.5 100 | D263: =IF(ITEM_MASTER_CLEAN!J263<>"",ITEM_MASTER_CLEAN!J263&" COST ","")&IF(ITEM_MASTER_CLEAN!K263<>"",ITEM_MASTER_CLEAN!K263&" PACK ","")&IF(ITEM_MASTER_CLEAN!L263<>"",ITEM_MASTER_CLEAN!L263&" CAT ","")&IF(ITEM_MASTER_CLEAN!M263<>"",ITEM_MASTER_CLEAN!M263,"") | E263: =IF(D263="","No issues","Excluded from cost/value calculations where data missing") -> No issues
